Skt,PCIRdCur,ItoM,ItoMCacheNear,UCRdF,WiL,PCIe Rd (B),PCIe Wr (B)
0,31159334,4106734,8,0,124,1994197376,262831488
1,181709064,5152766,0,0,0,11629380096,329777024
Skt,PCIRdCur,ItoM,ItoMCacheNear,UCRdF,WiL,PCIe Rd (B),PCIe Wr (B)
0,46,76,0,0,144,2944,4864
1,0,0,0,0,0,0,0
Skt,PCIRdCur,ItoM,ItoMCacheNear,UCRdF,WiL,PCIe Rd (B),PCIe Wr (B)
0,122,148,0,0,180,7808,9472
1,0,0,0,0,2,0,0
Skt,PCIRdCur,ItoM,ItoMCacheNear,UCRdF,WiL,PCIe Rd (B),PCIe Wr (B)
0,212,164,0,0,156,13568,10496
1,0,0,0,0,0,0,0
Skt,PCIRdCur,ItoM,ItoMCacheNear,UCRdF,WiL,PCIe Rd (B),PCIe Wr (B)
0,27682,6992,0,0,170,1771648,447488
1,0,0,0,0,6,0,0
Skt,PCIRdCur,ItoM,ItoMCacheNear,UCRdF,WiL,PCIe Rd (B),PCIe Wr (B)
0,802,198,62,0,196,51328,16640
1,0,0,0,0,8,0,0
Skt,PCIRdCur,ItoM,ItoMCacheNear,UCRdF,WiL,PCIe Rd (B),PCIe Wr (B)
0,176,74,0,0,72,11264,4736
1,0,0,0,0,0,0,0
Skt,PCIRdCur,ItoM,ItoMCacheNear,UCRdF,WiL,PCIe Rd (B),PCIe Wr (B)
0,32,54,0,0,216,2048,3456
1,0,0,0,0,10,0,0
Skt,PCIRdCur,ItoM,ItoMCacheNear,UCRdF,WiL,PCIe Rd (B),PCIe Wr (B)
0,74,126,10,0,216,4736,8704
1,0,0,0,0,20,0,0
Skt,PCIRdCur,ItoM,ItoMCacheNear,UCRdF,WiL,PCIe Rd (B),PCIe Wr (B)
0,28762,7398,0,0,288,1840768,473472
1,0,0,0,0,4,0,0
Skt,PCIRdCur,ItoM,ItoMCacheNear,UCRdF,WiL,PCIe Rd (B),PCIe Wr (B)
0,2974,432,0,0,1292,190336,27648
1,970092,814630,282,0,39824,62085888,52154368
Skt,PCIRdCur,ItoM,ItoMCacheNear,UCRdF,WiL,PCIe Rd (B),PCIe Wr (B)
0,2132,92,6,0,172,136448,6272
1,1005518,928660,274,0,40086,64353152,59451776
Skt,PCIRdCur,ItoM,ItoMCacheNear,UCRdF,WiL,PCIe Rd (B),PCIe Wr (B)
0,80,68,0,0,460,5120,4352
1,1011188,942262,278,0,40640,64716032,60322560
Skt,PCIRdCur,ItoM,ItoMCacheNear,UCRdF,WiL,PCIe Rd (B),PCIe Wr (B)
0,104,108,0,0,1708,6656,6912
1,1019128,943454,278,0,39048,65224192,60398848
Skt,PCIRdCur,ItoM,ItoMCacheNear,UCRdF,WiL,PCIe Rd (B),PCIe Wr (B)
0,28890,7390,7860,0,16448,1848960,976000
1,1038122,943262,284,0,40022,66439808,60386944
Skt,PCIRdCur,ItoM,ItoMCacheNear,UCRdF,WiL,PCIe Rd (B),PCIe Wr (B)
0,16103414,60,0,0,1556,1030618496,3840
1,1041256,945428,282,0,39892,66640384,60525440
Skt,PCIRdCur,ItoM,ItoMCacheNear,UCRdF,WiL,PCIe Rd (B),PCIe Wr (B)
0,214,106,0,0,2456,13696,6784
1,1047978,950072,278,0,38178,67070592,60822400
Skt,PCIRdCur,ItoM,ItoMCacheNear,UCRdF,WiL,PCIe Rd (B),PCIe Wr (B)
0,98,110,0,0,2338,6272,7040
1,1039256,940024,278,0,38752,66512384,60179328
Skt,PCIRdCur,ItoM,ItoMCacheNear,UCRdF,WiL,PCIe Rd (B),PCIe Wr (B)
0,112,82,0,0,240,7168,5248
1,1029564,947896,280,0,41046,65892096,60683264
Skt,PCIRdCur,ItoM,ItoMCacheNear,UCRdF,WiL,PCIe Rd (B),PCIe Wr (B)
0,33744,8254,0,0,2396,2159616,528256
1,1027736,947220,278,0,38244,65775104,60639872
Skt,PCIRdCur,ItoM,ItoMCacheNear,UCRdF,WiL,PCIe Rd (B),PCIe Wr (B)
0,78,66,6,0,1192,4992,4608
1,1024126,947212,284,0,39910,65544064,60639744
Skt,PCIRdCur,ItoM,ItoMCacheNear,UCRdF,WiL,PCIe Rd (B),PCIe Wr (B)
0,76,46,0,0,520,4864,2944
1,1029828,948336,278,0,40358,65908992,60711296
Skt,PCIRdCur,ItoM,ItoMCacheNear,UCRdF,WiL,PCIe Rd (B),PCIe Wr (B)
0,112,98,0,0,818,7168,6272
1,1020280,934966,272,0,40352,65297920,59855232
Skt,PCIRdCur,ItoM,ItoMCacheNear,UCRdF,WiL,PCIe Rd (B),PCIe Wr (B)
0,98,138,8,0,1252,6272,9344
1,1039778,945370,280,0,39544,66545792,60521600
Skt,PCIRdCur,ItoM,ItoMCacheNear,UCRdF,WiL,PCIe Rd (B),PCIe Wr (B)
0,33388,7904,0,0,1108,2136832,505856
1,1039484,943512,280,0,39944,66526976,60402688
Skt,PCIRdCur,ItoM,ItoMCacheNear,UCRdF,WiL,PCIe Rd (B),PCIe Wr (B)
0,1118,320,0,0,876,71552,20480
1,1041650,948598,278,0,39802,66665600,60728064
Skt,PCIRdCur,ItoM,ItoMCacheNear,UCRdF,WiL,PCIe Rd (B),PCIe Wr (B)
0,3712,108,8,0,1976,237568,7424
1,1023798,946922,278,0,38816,65523072,60620800
Skt,PCIRdCur,ItoM,ItoMCacheNear,UCRdF,WiL,PCIe Rd (B),PCIe Wr (B)
0,90,110,0,0,1548,5760,7040
1,1020596,947570,276,0,38806,65318144,60662144
Skt,PCIRdCur,ItoM,ItoMCacheNear,UCRdF,WiL,PCIe Rd (B),PCIe Wr (B)
0,2426750,108,0,0,162,155312000,6912
1,1017202,944492,284,0,41104,65100928,60465664
Skt,PCIRdCur,ItoM,ItoMCacheNear,UCRdF,WiL,PCIe Rd (B),PCIe Wr (B)
0,34798,8612,0,0,244,2227072,551168
1,1024390,957224,282,0,41098,65560960,61280384
Skt,PCIRdCur,ItoM,ItoMCacheNear,UCRdF,WiL,PCIe Rd (B),PCIe Wr (B)
0,112,160,0,0,184,7168,10240
1,1022936,940742,274,0,40530,65467904,60225024
Skt,PCIRdCur,ItoM,ItoMCacheNear,UCRdF,WiL,PCIe Rd (B),PCIe Wr (B)
0,92,126,0,0,160,5888,8064
1,1024402,945988,282,0,40998,65561728,60561280
Skt,PCIRdCur,ItoM,ItoMCacheNear,UCRdF,WiL,PCIe Rd (B),PCIe Wr (B)
0,130,76,8,0,136,8320,5376
1,1041206,944694,282,0,40794,66637184,60478464
Skt,PCIRdCur,ItoM,ItoMCacheNear,UCRdF,WiL,PCIe Rd (B),PCIe Wr (B)
0,92,72,0,0,172,5888,4608
1,1034238,934866,280,0,41104,66191232,59849344
Skt,PCIRdCur,ItoM,ItoMCacheNear,UCRdF,WiL,PCIe Rd (B),PCIe Wr (B)
0,35048,8808,0,0,136,2243072,563712
1,1043982,951802,278,0,41094,66814848,60933120
Skt,PCIRdCur,ItoM,ItoMCacheNear,UCRdF,WiL,PCIe Rd (B),PCIe Wr (B)
0,62,80,8,0,208,3968,5632
1,1031750,945206,280,0,41038,66032000,60511104
Skt,PCIRdCur,ItoM,ItoMCacheNear,UCRdF,WiL,PCIe Rd (B),PCIe Wr (B)
0,90,118,0,0,220,5760,7552
1,1025704,945390,276,0,40730,65645056,60522624
Skt,PCIRdCur,ItoM,ItoMCacheNear,UCRdF,WiL,PCIe Rd (B),PCIe Wr (B)
0,552,212,0,0,136,35328,13568
1,1037880,955894,282,0,40948,66424320,61195264
Skt,PCIRdCur,ItoM,ItoMCacheNear,UCRdF,WiL,PCIe Rd (B),PCIe Wr (B)
0,106,84,0,0,136,6784,5376
1,1031918,946310,282,0,40202,66042752,60581888
Skt,PCIRdCur,ItoM,ItoMCacheNear,UCRdF,WiL,PCIe Rd (B),PCIe Wr (B)
0,34912,8788,0,0,184,2234368,562432
1,1032562,945472,280,0,40704,66083968,60528128
Skt,PCIRdCur,ItoM,ItoMCacheNear,UCRdF,WiL,PCIe Rd (B),PCIe Wr (B)
0,94,108,0,0,148,6016,6912
1,1050364,957494,278,0,40274,67223296,61297408
Skt,PCIRdCur,ItoM,ItoMCacheNear,UCRdF,WiL,PCIe Rd (B),PCIe Wr (B)
0,1935030,190,4,0,144,123841920,12416
1,1044576,953564,282,0,40734,66852864,61046144
Skt,PCIRdCur,ItoM,ItoMCacheNear,UCRdF,WiL,PCIe Rd (B),PCIe Wr (B)
0,92,82,0,0,196,5888,5248
1,1044278,952042,278,0,40162,66833792,60948480
Skt,PCIRdCur,ItoM,ItoMCacheNear,UCRdF,WiL,PCIe Rd (B),PCIe Wr (B)
0,100,114,0,0,208,6400,7296
1,1028034,943304,280,0,40548,65794176,60389376
Skt,PCIRdCur,ItoM,ItoMCacheNear,UCRdF,WiL,PCIe Rd (B),PCIe Wr (B)
0,34648,8950,6,0,206,2217472,573184
1,1036704,952522,282,0,40502,66349056,60979456
Skt,PCIRdCur,ItoM,ItoMCacheNear,UCRdF,WiL,PCIe Rd (B),PCIe Wr (B)
0,110,84,0,0,184,7040,5376
1,1034164,955346,274,0,40646,66186496,61159680
Skt,PCIRdCur,ItoM,ItoMCacheNear,UCRdF,WiL,PCIe Rd (B),PCIe Wr (B)
0,90,88,0,0,148,5760,5632
1,1028244,953802,284,0,41100,65807616,61061504
Skt,PCIRdCur,ItoM,ItoMCacheNear,UCRdF,WiL,PCIe Rd (B),PCIe Wr (B)
0,90,76,8,0,148,5760,5376
1,1038276,951464,276,0,40918,66449664,60911360
Skt,PCIRdCur,ItoM,ItoMCacheNear,UCRdF,WiL,PCIe Rd (B),PCIe Wr (B)
0,80,86,0,0,196,5120,5504
1,1024688,946426,282,0,40482,65580032,60589312
Skt,PCIRdCur,ItoM,ItoMCacheNear,UCRdF,WiL,PCIe Rd (B),PCIe Wr (B)
0,32626,8340,0,0,316,2088064,533760
1,1028902,946660,278,0,40900,65849728,60604032
Skt,PCIRdCur,ItoM,ItoMCacheNear,UCRdF,WiL,PCIe Rd (B),PCIe Wr (B)
0,354,278,0,0,196,22656,17792
1,1016694,939334,278,0,41098,65068416,60135168
Skt,PCIRdCur,ItoM,ItoMCacheNear,UCRdF,WiL,PCIe Rd (B),PCIe Wr (B)
0,1534398,80,0,0,124,98201472,5120
1,1036130,938036,282,0,40906,66312320,60052352
Skt,PCIRdCur,ItoM,ItoMCacheNear,UCRdF,WiL,PCIe Rd (B),PCIe Wr (B)
0,86,54,0,0,172,5504,3456
1,1036910,949148,286,0,41006,66362240,60763776
Skt,PCIRdCur,ItoM,ItoMCacheNear,UCRdF,WiL,PCIe Rd (B),PCIe Wr (B)
0,92,94,6,0,160,5888,6400
1,1032144,942112,282,0,40918,66057216,60313216
Skt,PCIRdCur,ItoM,ItoMCacheNear,UCRdF,WiL,PCIe Rd (B),PCIe Wr (B)
0,24170,6498,0,0,184,1546880,415872
1,1031742,941980,282,0,41096,66031488,60304768
Skt,PCIRdCur,ItoM,ItoMCacheNear,UCRdF,WiL,PCIe Rd (B),PCIe Wr (B)
0,612,218,0,0,160,39168,13952
1,1045402,949498,282,0,40706,66905728,60785920
Skt,PCIRdCur,ItoM,ItoMCacheNear,UCRdF,WiL,PCIe Rd (B),PCIe Wr (B)
0,3776,78,6,0,168,241664,5376
1,1035150,952404,282,0,41110,66249600,60971904
Skt,PCIRdCur,ItoM,ItoMCacheNear,UCRdF,WiL,PCIe Rd (B),PCIe Wr (B)
0,82,86,0,0,124,5248,5504
1,1043038,960050,280,0,40382,66754432,61461120
Skt,PCIRdCur,ItoM,ItoMCacheNear,UCRdF,WiL,PCIe Rd (B),PCIe Wr (B)
0,84,70,0,0,136,5376,4480
1,1039254,954704,284,0,41010,66512256,61119232
Skt,PCIRdCur,ItoM,ItoMCacheNear,UCRdF,WiL,PCIe Rd (B),PCIe Wr (B)
0,16080,4276,0,0,112,1029120,273664
1,1031334,946428,280,0,40628,66005376,60589312
Skt,PCIRdCur,ItoM,ItoMCacheNear,UCRdF,WiL,PCIe Rd (B),PCIe Wr (B)
0,72,60,0,0,168,4608,3840
1,1034736,948460,282,0,40900,66223104,60719488
Skt,PCIRdCur,ItoM,ItoMCacheNear,UCRdF,WiL,PCIe Rd (B),PCIe Wr (B)
0,66,78,1522,0,172,4224,102400
1,1028108,950868,282,0,43682,65798912,60873600
Skt,PCIRdCur,ItoM,ItoMCacheNear,UCRdF,WiL,PCIe Rd (B),PCIe Wr (B)
0,76,106,0,0,232,4864,6784
1,1032588,953414,280,0,41098,66085632,61036416
Skt,PCIRdCur,ItoM,ItoMCacheNear,UCRdF,WiL,PCIe Rd (B),PCIe Wr (B)
0,76,118,0,0,220,4864,7552
1,1033502,953090,284,0,41006,66144128,61015936
Skt,PCIRdCur,ItoM,ItoMCacheNear,UCRdF,WiL,PCIe Rd (B),PCIe Wr (B)
0,19658,5334,0,0,160,1258112,341376
1,1043806,948110,284,0,41100,66803584,60697216
Skt,PCIRdCur,ItoM,ItoMCacheNear,UCRdF,WiL,PCIe Rd (B),PCIe Wr (B)
0,66,76,8,0,208,4224,5376
1,1042128,953228,288,0,41306,66696192,61025024
Skt,PCIRdCur,ItoM,ItoMCacheNear,UCRdF,WiL,PCIe Rd (B),PCIe Wr (B)
0,100,128,0,0,196,6400,8192
1,1032382,948088,282,0,40394,66072448,60695680
Skt,PCIRdCur,ItoM,ItoMCacheNear,UCRdF,WiL,PCIe Rd (B),PCIe Wr (B)
0,60,114,0,0,136,3840,7296
1,1031422,955620,278,0,41100,66011008,61177472
Skt,PCIRdCur,ItoM,ItoMCacheNear,UCRdF,WiL,PCIe Rd (B),PCIe Wr (B)
0,64,82,8,0,146,4096,5760
1,1022858,948528,280,0,40166,65462912,60723712
Skt,PCIRdCur,ItoM,ItoMCacheNear,UCRdF,WiL,PCIe Rd (B),PCIe Wr (B)
0,22596,6254,0,0,196,1446144,400256
1,1021810,946568,282,0,41100,65395840,60598400
Skt,PCIRdCur,ItoM,ItoMCacheNear,UCRdF,WiL,PCIe Rd (B),PCIe Wr (B)
0,74,128,0,0,160,4736,8192
1,1033228,948134,276,0,40630,66126592,60698240
Skt,PCIRdCur,ItoM,ItoMCacheNear,UCRdF,WiL,PCIe Rd (B),PCIe Wr (B)
0,4300,86,0,0,160,275200,5504
1,1041712,953546,278,0,40818,66669568,61044736
Skt,PCIRdCur,ItoM,ItoMCacheNear,UCRdF,WiL,PCIe Rd (B),PCIe Wr (B)
0,74,78,0,0,112,4736,4992
1,1038816,939794,282,0,41024,66484224,60164864
Skt,PCIRdCur,ItoM,ItoMCacheNear,UCRdF,WiL,PCIe Rd (B),PCIe Wr (B)
0,82,72,0,0,932,5248,4608
1,1048242,950126,282,0,40122,67087488,60826112
Skt,PCIRdCur,ItoM,ItoMCacheNear,UCRdF,WiL,PCIe Rd (B),PCIe Wr (B)
0,13514,3662,6,0,984,864896,234752
1,1034152,943438,278,0,39962,66185728,60397824
Skt,PCIRdCur,ItoM,ItoMCacheNear,UCRdF,WiL,PCIe Rd (B),PCIe Wr (B)
0,74,86,0,0,2036,4736,5504
1,1028442,950552,274,0,39000,65820288,60852864
Skt,PCIRdCur,ItoM,ItoMCacheNear,UCRdF,WiL,PCIe Rd (B),PCIe Wr (B)
0,76,136,0,0,1800,4864,8704
1,1022194,949114,282,0,39098,65420416,60761344
Skt,PCIRdCur,ItoM,ItoMCacheNear,UCRdF,WiL,PCIe Rd (B),PCIe Wr (B)
0,60,108,8,0,1914,3840,7424
1,1023814,946664,282,0,37978,65524096,60604544
Skt,PCIRdCur,ItoM,ItoMCacheNear,UCRdF,WiL,PCIe Rd (B),PCIe Wr (B)
0,66,66,0,0,1312,4224,4224
1,1025892,951128,282,0,39780,65657088,60890240
Skt,PCIRdCur,ItoM,ItoMCacheNear,UCRdF,WiL,PCIe Rd (B),PCIe Wr (B)
0,6736,2014,0,0,1372,431104,128896
1,1034198,954384,274,0,39458,66188672,61098112
Skt,PCIRdCur,ItoM,ItoMCacheNear,UCRdF,WiL,PCIe Rd (B),PCIe Wr (B)
0,460,122,8,0,2444,29440,8320
1,1046664,941810,276,0,38646,66986496,60293504
Skt,PCIRdCur,ItoM,ItoMCacheNear,UCRdF,WiL,PCIe Rd (B),PCIe Wr (B)
0,102,98,0,0,810,6528,6272
1,1050822,950932,280,0,40440,67252608,60877568
Skt,PCIRdCur,ItoM,ItoMCacheNear,UCRdF,WiL,PCIe Rd (B),PCIe Wr (B)
0,1518080,118,0,0,1158,97157120,7552
1,1037154,941760,278,0,39576,66377856,60290432
Skt,PCIRdCur,ItoM,ItoMCacheNear,UCRdF,WiL,PCIe Rd (B),PCIe Wr (B)
0,80,140,0,0,1656,5120,8960
1,1018744,943096,284,0,39474,65199616,60376320
Skt,PCIRdCur,ItoM,ItoMCacheNear,UCRdF,WiL,PCIe Rd (B),PCIe Wr (B)
0,6876,2022,0,0,384,440064,129408
1,1030846,954442,282,0,40694,65974144,61102336
Skt,PCIRdCur,ItoM,ItoMCacheNear,UCRdF,WiL,PCIe Rd (B),PCIe Wr (B)
0,68,64,0,0,1340,4352,4096
1,1018562,947096,282,0,39570,65187968,60632192
Skt,PCIRdCur,ItoM,ItoMCacheNear,UCRdF,WiL,PCIe Rd (B),PCIe Wr (B)
0,66,42,18,0,516,4224,3840
1,1017554,941014,282,0,40598,65123456,60242944
Skt,PCIRdCur,ItoM,ItoMCacheNear,UCRdF,WiL,PCIe Rd (B),PCIe Wr (B)
0,64,76,0,0,160,4096,4864
1,1032434,953874,282,0,40906,66075776,61065984
Skt,PCIRdCur,ItoM,ItoMCacheNear,UCRdF,WiL,PCIe Rd (B),PCIe Wr (B)
0,84,108,0,0,562,5376,6912
1,1028254,942222,280,0,39372,65808256,60320128
Skt,PCIRdCur,ItoM,ItoMCacheNear,UCRdF,WiL,PCIe Rd (B),PCIe Wr (B)
0,6858,2004,4,0,836,438912,128512
1,1037570,947012,280,0,40280,66404480,60626688
Skt,PCIRdCur,ItoM,ItoMCacheNear,UCRdF,WiL,PCIe Rd (B),PCIe Wr (B)
0,320,114,0,0,408,20480,7296
1,1046382,948900,282,0,40430,66968448,60747648
Skt,PCIRdCur,ItoM,ItoMCacheNear,UCRdF,WiL,PCIe Rd (B),PCIe Wr (B)
0,60,76,0,0,424,3840,4864
1,1043554,950698,282,0,40970,66787456,60862720
Skt,PCIRdCur,ItoM,ItoMCacheNear,UCRdF,WiL,PCIe Rd (B),PCIe Wr (B)
0,82,82,0,0,1624,5248,5248
1,1024310,940516,282,0,39426,65555840,60211072
Skt,PCIRdCur,ItoM,ItoMCacheNear,UCRdF,WiL,PCIe Rd (B),PCIe Wr (B)
0,76,94,0,0,1868,4864,6016
1,1033628,953676,276,0,39182,66152192,61052928
Skt,PCIRdCur,ItoM,ItoMCacheNear,UCRdF,WiL,PCIe Rd (B),PCIe Wr (B)
0,4298,1246,0,0,716,275072,79744
1,1011506,947288,280,0,40336,64736384,60644352
Skt,PCIRdCur,ItoM,ItoMCacheNear,UCRdF,WiL,PCIe Rd (B),PCIe Wr (B)
0,60,74,0,0,1660,3840,4736
1,1023298,947026,282,0,39428,65491072,60627712
Skt,PCIRdCur,ItoM,ItoMCacheNear,UCRdF,WiL,PCIe Rd (B),PCIe Wr (B)
0,72,116,0,0,2420,4608,7424
1,1029328,939576,276,0,38374,65876992,60150528
Skt,PCIRdCur,ItoM,ItoMCacheNear,UCRdF,WiL,PCIe Rd (B),PCIe Wr (B)
0,554,212,0,0,1376,35456,13568
1,1045442,950912,276,0,39288,66908288,60876032
Skt,PCIRdCur,ItoM,ItoMCacheNear,UCRdF,WiL,PCIe Rd (B),PCIe Wr (B)
0,60,82,6,0,152,3840,5632
1,1039960,942366,274,0,41102,66557440,60328960
Skt,PCIRdCur,ItoM,ItoMCacheNear,UCRdF,WiL,PCIe Rd (B),PCIe Wr (B)
0,6334,1606,0,0,196,405376,102784
1,1047628,949248,286,0,40808,67048192,60770176
Skt,PCIRdCur,ItoM,ItoMCacheNear,UCRdF,WiL,PCIe Rd (B),PCIe Wr (B)
0,102,128,0,0,1060,6528,8192
1,1027622,946562,282,0,40060,65767808,60598016
Skt,PCIRdCur,ItoM,ItoMCacheNear,UCRdF,WiL,PCIe Rd (B),PCIe Wr (B)
0,60,98,10,0,186,3840,6912
1,1031504,945914,284,0,41104,66016256,60556672
Skt,PCIRdCur,ItoM,ItoMCacheNear,UCRdF,WiL,PCIe Rd (B),PCIe Wr (B)
0,60,114,0,0,1540,3840,7296
1,1017532,941024,280,0,39248,65122048,60243456
Skt,PCIRdCur,ItoM,ItoMCacheNear,UCRdF,WiL,PCIe Rd (B),PCIe Wr (B)
0,92,128,0,0,2044,5888,8192
1,1027118,947538,272,0,39020,65735552,60659840
Skt,PCIRdCur,ItoM,ItoMCacheNear,UCRdF,WiL,PCIe Rd (B),PCIe Wr (B)
0,2662,720,0,0,1668,170368,46080
1,1026586,939324,282,0,39088,65701504,60134784
Skt,PCIRdCur,ItoM,ItoMCacheNear,UCRdF,WiL,PCIe Rd (B),PCIe Wr (B)
0,196,70,0,0,598,12544,4480
1,1024420,945700,280,0,40280,65562880,60542720
Skt,PCIRdCur,ItoM,ItoMCacheNear,UCRdF,WiL,PCIe Rd (B),PCIe Wr (B)
0,86,120,0,0,536,5504,7680
1,1049732,950866,282,0,40562,67182848,60873472
Skt,PCIRdCur,ItoM,ItoMCacheNear,UCRdF,WiL,PCIe Rd (B),PCIe Wr (B)
0,62,102,0,0,1600,3968,6528
1,1038484,946694,286,0,39560,66462976,60606720
Skt,PCIRdCur,ItoM,ItoMCacheNear,UCRdF,WiL,PCIe Rd (B),PCIe Wr (B)
0,72,78,0,0,1308,4608,4992
1,1031046,937032,284,0,39766,65986944,59988224
Skt,PCIRdCur,ItoM,ItoMCacheNear,UCRdF,WiL,PCIe Rd (B),PCIe Wr (B)
0,2384,766,0,0,1104,152576,49024
1,1029700,938028,282,0,39884,65900800,60051840
Skt,PCIRdCur,ItoM,ItoMCacheNear,UCRdF,WiL,PCIe Rd (B),PCIe Wr (B)
0,616,262,8,0,2156,39424,17280
1,1024374,946126,282,0,38516,65559936,60570112
Skt,PCIRdCur,ItoM,ItoMCacheNear,UCRdF,WiL,PCIe Rd (B),PCIe Wr (B)
0,106,76,0,0,1248,6784,4864
1,1022298,947804,282,0,39682,65427072,60677504
Skt,PCIRdCur,ItoM,ItoMCacheNear,UCRdF,WiL,PCIe Rd (B),PCIe Wr (B)
0,76,80,0,0,2084,4864,5120
1,1016162,940970,284,0,38374,65034368,60240256
Skt,PCIRdCur,ItoM,ItoMCacheNear,UCRdF,WiL,PCIe Rd (B),PCIe Wr (B)
0,1147892,60,0,0,148,73465088,3840
1,1040550,945890,284,0,41094,66595200,60555136
Skt,PCIRdCur,ItoM,ItoMCacheNear,UCRdF,WiL,PCIe Rd (B),PCIe Wr (B)
0,2508,840,0,0,428,160512,53760
1,1029612,938368,276,0,40826,65895168,60073216
Skt,PCIRdCur,ItoM,ItoMCacheNear,UCRdF,WiL,PCIe Rd (B),PCIe Wr (B)
0,90,88,0,0,1532,5760,5632
1,1040200,944356,278,0,39566,66572800,60456576
Skt,PCIRdCur,ItoM,ItoMCacheNear,UCRdF,WiL,PCIe Rd (B),PCIe Wr (B)
0,90,132,2,0,1664,5760,8576
1,1022438,937636,282,0,39286,65436032,60026752
Skt,PCIRdCur,ItoM,ItoMCacheNear,UCRdF,WiL,PCIe Rd (B),PCIe Wr (B)
0,94,96,0,0,1172,6016,6144
1,1039816,944404,280,0,40060,66548224,60459776
Skt,PCIRdCur,ItoM,ItoMCacheNear,UCRdF,WiL,PCIe Rd (B),PCIe Wr (B)
0,68,76,0,0,1578,4352,4864
1,1030408,948726,272,0,39246,65946112,60735872
Skt,PCIRdCur,ItoM,ItoMCacheNear,UCRdF,WiL,PCIe Rd (B),PCIe Wr (B)
0,2522,744,10,0,328,161408,48256
1,1030968,947260,280,0,40476,65981952,60642560
Skt,PCIRdCur,ItoM,ItoMCacheNear,UCRdF,WiL,PCIe Rd (B),PCIe Wr (B)
0,134,118,0,0,1182,8576,7552
1,1026470,946464,282,0,39894,65694080,60591744
Skt,PCIRdCur,ItoM,ItoMCacheNear,UCRdF,WiL,PCIe Rd (B),PCIe Wr (B)
0,92,98,0,0,484,5888,6272
1,1035904,951304,280,0,40028,66297856,60901376
Skt,PCIRdCur,ItoM,ItoMCacheNear,UCRdF,WiL,PCIe Rd (B),PCIe Wr (B)
0,102,112,10,0,1932,6528,7808
1,1025034,945544,282,0,39028,65602176,60532864
Skt,PCIRdCur,ItoM,ItoMCacheNear,UCRdF,WiL,PCIe Rd (B),PCIe Wr (B)
0,104,130,0,0,1442,6656,8320
1,1036398,947850,280,0,38914,66329472,60680320
Skt,PCIRdCur,ItoM,ItoMCacheNear,UCRdF,WiL,PCIe Rd (B),PCIe Wr (B)
0,2792,822,0,0,2596,178688,52608
1,1038974,943732,280,0,38668,66494336,60416768
Skt,PCIRdCur,ItoM,ItoMCacheNear,UCRdF,WiL,PCIe Rd (B),PCIe Wr (B)
0,142,290,0,0,2732,9088,18560
1,1024644,938830,270,0,38358,65577216,60102400
Skt,PCIRdCur,ItoM,ItoMCacheNear,UCRdF,WiL,PCIe Rd (B),PCIe Wr (B)
0,272,276,0,0,2718,17408,17664
1,1032906,945572,282,0,37942,66105984,60534656
Skt,PCIRdCur,ItoM,ItoMCacheNear,UCRdF,WiL,PCIe Rd (B),PCIe Wr (B)
0,132,222,0,0,2388,8448,14208
1,1022840,945360,280,0,38098,65461760,60520960
Skt,PCIRdCur,ItoM,ItoMCacheNear,UCRdF,WiL,PCIe Rd (B),PCIe Wr (B)
0,82,102,0,0,2522,5248,6528
1,1021424,947510,282,0,38624,65371136,60658688
Skt,PCIRdCur,ItoM,ItoMCacheNear,UCRdF,WiL,PCIe Rd (B),PCIe Wr (B)
0,2386,776,0,0,2472,152704,49664
1,1028746,948994,282,0,38398,65839744,60753664
Skt,PCIRdCur,ItoM,ItoMCacheNear,UCRdF,WiL,PCIe Rd (B),PCIe Wr (B)
0,100,116,0,0,2452,6400,7424
1,1027938,936116,282,0,38694,65788032,59929472
Skt,PCIRdCur,ItoM,ItoMCacheNear,UCRdF,WiL,PCIe Rd (B),PCIe Wr (B)
0,1531838,60,8,0,2430,98037632,4352
1,1039424,946252,280,0,38642,66523136,60578048
Skt,PCIRdCur,ItoM,ItoMCacheNear,UCRdF,WiL,PCIe Rd (B),PCIe Wr (B)
0,86,72,0,0,2432,5504,4608
1,1035166,942482,282,0,38256,66250624,60336896
Skt,PCIRdCur,ItoM,ItoMCacheNear,UCRdF,WiL,PCIe Rd (B),PCIe Wr (B)
0,82,110,0,0,2440,5248,7040
1,1031496,943330,278,0,38444,66015744,60390912
Skt,PCIRdCur,ItoM,ItoMCacheNear,UCRdF,WiL,PCIe Rd (B),PCIe Wr (B)
0,2394,722,0,0,2360,153216,46208
1,1033530,947034,278,0,37912,66145920,60627968
Skt,PCIRdCur,ItoM,ItoMCacheNear,UCRdF,WiL,PCIe Rd (B),PCIe Wr (B)
0,492,100,0,0,2412,31488,6400
1,1033220,947280,280,0,38276,66126080,60643840
Skt,PCIRdCur,ItoM,ItoMCacheNear,UCRdF,WiL,PCIe Rd (B),PCIe Wr (B)
0,86,108,0,0,2416,5504,6912
1,1021070,941258,276,0,38186,65348480,60258176
Skt,PCIRdCur,ItoM,ItoMCacheNear,UCRdF,WiL,PCIe Rd (B),PCIe Wr (B)
0,76,74,0,0,2432,4864,4736
1,1027708,947810,278,0,37934,65773312,60677632
Skt,PCIRdCur,ItoM,ItoMCacheNear,UCRdF,WiL,PCIe Rd (B),PCIe Wr (B)
0,96,82,0,0,2436,6144,5248
1,1025276,944796,280,0,38280,65617664,60484864
Skt,PCIRdCur,ItoM,ItoMCacheNear,UCRdF,WiL,PCIe Rd (B),PCIe Wr (B)
0,2010,706,0,0,2416,128640,45184
1,1026308,945300,278,0,38632,65683712,60516992
Skt,PCIRdCur,ItoM,ItoMCacheNear,UCRdF,WiL,PCIe Rd (B),PCIe Wr (B)
0,96,86,0,0,2412,6144,5504
1,1027538,939714,280,0,38532,65762432,60159616
Skt,PCIRdCur,ItoM,ItoMCacheNear,UCRdF,WiL,PCIe Rd (B),PCIe Wr (B)
0,78,96,0,0,2480,4992,6144
1,1026380,935556,284,0,38714,65688320,59893760
Skt,PCIRdCur,ItoM,ItoMCacheNear,UCRdF,WiL,PCIe Rd (B),PCIe Wr (B)
0,78,114,0,0,2524,4992,7296
1,1023372,937336,282,0,38362,65495808,60007552
Skt,PCIRdCur,ItoM,ItoMCacheNear,UCRdF,WiL,PCIe Rd (B),PCIe Wr (B)
0,120,130,8,0,2384,7680,8832
1,1023604,938108,272,0,37732,65510656,60056320
Skt,PCIRdCur,ItoM,ItoMCacheNear,UCRdF,WiL,PCIe Rd (B),PCIe Wr (B)
0,2258,734,0,0,2408,144512,46976
1,1020262,946930,278,0,38194,65296768,60621312
Skt,PCIRdCur,ItoM,ItoMCacheNear,UCRdF,WiL,PCIe Rd (B),PCIe Wr (B)
0,80,102,0,0,2488,5120,6528
1,1017882,943050,284,0,38624,65144448,60373376
Skt,PCIRdCur,ItoM,ItoMCacheNear,UCRdF,WiL,PCIe Rd (B),PCIe Wr (B)
0,80,92,8,0,2452,5120,6400
1,1034518,945266,284,0,38642,66209152,60515200
Skt,PCIRdCur,ItoM,ItoMCacheNear,UCRdF,WiL,PCIe Rd (B),PCIe Wr (B)
0,76,98,0,0,2440,4864,6272
1,1035390,945428,276,0,38440,66264960,60525056
Skt,PCIRdCur,ItoM,ItoMCacheNear,UCRdF,WiL,PCIe Rd (B),PCIe Wr (B)
0,82,84,0,0,2504,5248,5376
1,1032704,945126,274,0,38708,66093056,60505600
Skt,PCIRdCur,ItoM,ItoMCacheNear,UCRdF,WiL,PCIe Rd (B),PCIe Wr (B)
0,3040,1030,0,0,2508,194560,65920
1,1028550,943172,280,0,38286,65827200,60380928
Skt,PCIRdCur,ItoM,ItoMCacheNear,UCRdF,WiL,PCIe Rd (B),PCIe Wr (B)
0,98,118,0,0,2452,6272,7552
1,1034028,945276,280,0,38618,66177792,60515584
Skt,PCIRdCur,ItoM,ItoMCacheNear,UCRdF,WiL,PCIe Rd (B),PCIe Wr (B)
0,82,80,0,0,2390,5248,5120
1,1036954,947888,284,0,37856,66365056,60683008
Skt,PCIRdCur,ItoM,ItoMCacheNear,UCRdF,WiL,PCIe Rd (B),PCIe Wr (B)
0,78,64,6,0,2392,4992,4480
1,1030432,944348,280,0,38088,65947648,60456192
Skt,PCIRdCur,ItoM,ItoMCacheNear,UCRdF,WiL,PCIe Rd (B),PCIe Wr (B)
0,82,78,0,0,2416,5248,4992
1,1023482,946362,278,0,38436,65502848,60584960
Skt,PCIRdCur,ItoM,ItoMCacheNear,UCRdF,WiL,PCIe Rd (B),PCIe Wr (B)
0,1754,594,0,0,2428,112256,38016
1,1030568,944204,280,0,38094,65956352,60446976
Skt,PCIRdCur,ItoM,ItoMCacheNear,UCRdF,WiL,PCIe Rd (B),PCIe Wr (B)
0,90,124,8,0,2536,5760,8448
1,1016830,940354,274,0,38638,65077120,60200192
Skt,PCIRdCur,ItoM,ItoMCacheNear,UCRdF,WiL,PCIe Rd (B),PCIe Wr (B)
0,104,104,0,0,2432,6656,6656
1,1030582,947022,278,0,38194,65957248,60627200
Skt,PCIRdCur,ItoM,ItoMCacheNear,UCRdF,WiL,PCIe Rd (B),PCIe Wr (B)
0,560,178,0,0,2392,35840,11392
1,1033384,938446,282,0,38622,66136576,60078592
Skt,PCIRdCur,ItoM,ItoMCacheNear,UCRdF,WiL,PCIe Rd (B),PCIe Wr (B)
0,90,66,0,0,2404,5760,4224
1,1013490,931308,282,0,38622,64863360,59621760
Skt,PCIRdCur,ItoM,ItoMCacheNear,UCRdF,WiL,PCIe Rd (B),PCIe Wr (B)
0,1160850,220,0,0,2454,74294400,14080
1,1030844,946434,282,0,38974,65974016,60589824
Skt,PCIRdCur,ItoM,ItoMCacheNear,UCRdF,WiL,PCIe Rd (B),PCIe Wr (B)
0,214,100,0,0,2440,13696,6400
1,1016182,946822,278,0,38624,65035648,60614400
Skt,PCIRdCur,ItoM,ItoMCacheNear,UCRdF,WiL,PCIe Rd (B),PCIe Wr (B)
0,98,90,2,0,2440,6272,5888
1,1016576,940944,282,0,38628,65060864,60238464
Skt,PCIRdCur,ItoM,ItoMCacheNear,UCRdF,WiL,PCIe Rd (B),PCIe Wr (B)
0,102,114,0,0,2452,6528,7296
1,1028998,949786,278,0,38436,65855872,60804096
Skt,PCIRdCur,ItoM,ItoMCacheNear,UCRdF,WiL,PCIe Rd (B),PCIe Wr (B)
0,96,110,0,0,2364,6144,7040
1,1037894,940738,274,0,37730,66425216,60224768
Skt,PCIRdCur,ItoM,ItoMCacheNear,UCRdF,WiL,PCIe Rd (B),PCIe Wr (B)
0,474,82,4,0,2404,30336,5504
1,1038844,943092,276,0,38634,66486016,60375552
Skt,PCIRdCur,ItoM,ItoMCacheNear,UCRdF,WiL,PCIe Rd (B),PCIe Wr (B)
0,448,84,4,0,2404,28672,5632
1,1038236,937068,282,0,37972,66447104,59990400
Skt,PCIRdCur,ItoM,ItoMCacheNear,UCRdF,WiL,PCIe Rd (B),PCIe Wr (B)
0,102,124,0,0,2534,6528,7936
1,1034876,937432,280,0,38442,66232064,60013568
Skt,PCIRdCur,ItoM,ItoMCacheNear,UCRdF,WiL,PCIe Rd (B),PCIe Wr (B)
0,1170236,130,0,0,2492,74895104,8320
1,1028836,948968,274,0,38438,65845504,60751488
Skt,PCIRdCur,ItoM,ItoMCacheNear,UCRdF,WiL,PCIe Rd (B),PCIe Wr (B)
0,146,126,0,0,2506,9344,8064
1,1022404,943916,270,0,38278,65433856,60427904
Skt,PCIRdCur,ItoM,ItoMCacheNear,UCRdF,WiL,PCIe Rd (B),PCIe Wr (B)
0,574,262,0,0,2488,36736,16768
1,1016956,947058,280,0,38630,65085184,60629632
Skt,PCIRdCur,ItoM,ItoMCacheNear,UCRdF,WiL,PCIe Rd (B),PCIe Wr (B)
0,74,92,0,0,2448,4736,5888
1,1029410,945780,276,0,38452,65882240,60547584
Skt,PCIRdCur,ItoM,ItoMCacheNear,UCRdF,WiL,PCIe Rd (B),PCIe Wr (B)
0,74,94,0,0,2488,4736,6016
1,1028150,946414,272,0,38620,65801600,60587904
Skt,PCIRdCur,ItoM,ItoMCacheNear,UCRdF,WiL,PCIe Rd (B),PCIe Wr (B)
0,70,120,0,0,2416,4480,7680
1,1029174,945808,276,0,37654,65867136,60549376
Skt,PCIRdCur,ItoM,ItoMCacheNear,UCRdF,WiL,PCIe Rd (B),PCIe Wr (B)
0,76,124,0,0,2424,4864,7936
1,1041280,947406,284,0,38264,66641920,60652160
Skt,PCIRdCur,ItoM,ItoMCacheNear,UCRdF,WiL,PCIe Rd (B),PCIe Wr (B)
0,1100,340,0,0,2388,70400,21760
1,1035404,944978,282,0,38106,66265856,60496640
Skt,PCIRdCur,ItoM,ItoMCacheNear,UCRdF,WiL,PCIe Rd (B),PCIe Wr (B)
0,74,106,0,0,2654,4736,6784
1,1027818,937350,280,0,38638,65780352,60008320
Skt,PCIRdCur,ItoM,ItoMCacheNear,UCRdF,WiL,PCIe Rd (B),PCIe Wr (B)
0,100,108,10,0,2412,6400,7552
1,1025490,944720,282,0,38636,65631360,60480128
Skt,PCIRdCur,ItoM,ItoMCacheNear,UCRdF,WiL,PCIe Rd (B),PCIe Wr (B)
0,2166,78,0,0,2392,138624,4992
1,1016312,940954,282,0,38630,65043968,60239104
Skt,PCIRdCur,ItoM,ItoMCacheNear,UCRdF,WiL,PCIe Rd (B),PCIe Wr (B)
0,60,42,0,0,2350,3840,2688
1,1015474,949508,282,0,38604,64990336,60786560
Skt,PCIRdCur,ItoM,ItoMCacheNear,UCRdF,WiL,PCIe Rd (B),PCIe Wr (B)
0,5330,1378,0,0,2490,341120,88192
1,1031154,938612,284,0,38458,65993856,60089344
Skt,PCIRdCur,ItoM,ItoMCacheNear,UCRdF,WiL,PCIe Rd (B),PCIe Wr (B)
0,86,80,0,0,2522,5504,5120
1,1034038,944842,276,0,38622,66178432,60487552
Skt,PCIRdCur,ItoM,ItoMCacheNear,UCRdF,WiL,PCIe Rd (B),PCIe Wr (B)
0,60,84,0,0,2494,3840,5376
1,1039536,944146,280,0,38280,66530304,60443264
Skt,PCIRdCur,ItoM,ItoMCacheNear,UCRdF,WiL,PCIe Rd (B),PCIe Wr (B)
0,72,132,0,0,2498,4608,8448
1,1026650,937754,274,0,38630,65705600,60033792
Skt,PCIRdCur,ItoM,ItoMCacheNear,UCRdF,WiL,PCIe Rd (B),PCIe Wr (B)
0,70,104,0,0,2412,4480,6656
1,1033204,944806,280,0,38258,66125056,60485504
Skt,PCIRdCur,ItoM,ItoMCacheNear,UCRdF,WiL,PCIe Rd (B),PCIe Wr (B)
0,60,80,0,0,2398,3840,5120
1,1032628,948966,276,0,38148,66088192,60751488
Skt,PCIRdCur,ItoM,ItoMCacheNear,UCRdF,WiL,PCIe Rd (B),PCIe Wr (B)
0,74,54,0,0,2380,4736,3456
1,1025120,947556,282,0,37746,65607680,60661632
Skt,PCIRdCur,ItoM,ItoMCacheNear,UCRdF,WiL,PCIe Rd (B),PCIe Wr (B)
0,76,116,0,0,2416,4864,7424
1,1024616,939630,278,0,37946,65575424,60154112
Skt,PCIRdCur,ItoM,ItoMCacheNear,UCRdF,WiL,PCIe Rd (B),PCIe Wr (B)
0,70,108,0,0,2430,4480,6912
1,1029026,944774,278,0,38096,65857664,60483328
Skt,PCIRdCur,ItoM,ItoMCacheNear,UCRdF,WiL,PCIe Rd (B),PCIe Wr (B)
0,78,108,0,0,2488,4992,6912
1,1020554,939300,282,0,38624,65315456,60133248
Skt,PCIRdCur,ItoM,ItoMCacheNear,UCRdF,WiL,PCIe Rd (B),PCIe Wr (B)
0,708,376,0,0,2452,45312,24064
1,1039366,945794,280,0,38630,66519424,60548736
Skt,PCIRdCur,ItoM,ItoMCacheNear,UCRdF,WiL,PCIe Rd (B),PCIe Wr (B)
0,1153542,346,0,0,652,73826688,22144
1,1035900,945150,284,0,40320,66297600,60507776
Skt,PCIRdCur,ItoM,ItoMCacheNear,UCRdF,WiL,PCIe Rd (B),PCIe Wr (B)
0,88,68,0,0,2388,5632,4352
1,1024884,944446,276,0,38626,65592576,60462208
Skt,PCIRdCur,ItoM,ItoMCacheNear,UCRdF,WiL,PCIe Rd (B),PCIe Wr (B)
0,2928,48,0,0,116,187392,3072
1,1024532,938754,284,0,41264,65570048,60098432
Skt,PCIRdCur,ItoM,ItoMCacheNear,UCRdF,WiL,PCIe Rd (B),PCIe Wr (B)
0,86,76,0,0,1924,5504,4864
1,1024738,953190,284,0,38554,65583232,61022336
Skt,PCIRdCur,ItoM,ItoMCacheNear,UCRdF,WiL,PCIe Rd (B),PCIe Wr (B)
0,450,86,0,0,2440,28800,5504
1,1023142,946260,282,0,38630,65481088,60578688
Skt,PCIRdCur,ItoM,ItoMCacheNear,UCRdF,WiL,PCIe Rd (B),PCIe Wr (B)
0,72,124,0,0,1972,4608,7936
1,1040406,956338,282,0,39094,66585984,61223680
Skt,PCIRdCur,ItoM,ItoMCacheNear,UCRdF,WiL,PCIe Rd (B),PCIe Wr (B)
0,82,102,0,0,148,5248,6528
1,1033516,941876,282,0,41080,66145024,60298112
Skt,PCIRdCur,ItoM,ItoMCacheNear,UCRdF,WiL,PCIe Rd (B),PCIe Wr (B)
0,66,84,8,0,1410,4224,5888
1,1045558,953536,280,0,39676,66915712,61044224
Skt,PCIRdCur,ItoM,ItoMCacheNear,UCRdF,WiL,PCIe Rd (B),PCIe Wr (B)
0,1180770,98,0,0,644,75569280,6272
1,1045718,949204,280,0,39650,66925952,60766976
Skt,PCIRdCur,ItoM,ItoMCacheNear,UCRdF,WiL,PCIe Rd (B),PCIe Wr (B)
0,700,222,0,0,716,44800,14208
1,1031150,944470,280,0,40366,65993600,60464000
Skt,PCIRdCur,ItoM,ItoMCacheNear,UCRdF,WiL,PCIe Rd (B),PCIe Wr (B)
0,78,86,0,0,2374,4992,5504
1,1039912,959872,284,0,38250,66554368,61449984
Skt,PCIRdCur,ItoM,ItoMCacheNear,UCRdF,WiL,PCIe Rd (B),PCIe Wr (B)
0,60,74,0,0,1320,3840,4736
1,1035412,952924,276,0,39666,66266368,61004800
Skt,PCIRdCur,ItoM,ItoMCacheNear,UCRdF,WiL,PCIe Rd (B),PCIe Wr (B)
0,60,108,0,0,624,3840,6912
1,1023882,940496,278,0,40094,65528448,60209536
Skt,PCIRdCur,ItoM,ItoMCacheNear,UCRdF,WiL,PCIe Rd (B),PCIe Wr (B)
0,100,112,0,0,854,6400,7168
1,1028072,947650,282,0,40316,65796608,60667648
Skt,PCIRdCur,ItoM,ItoMCacheNear,UCRdF,WiL,PCIe Rd (B),PCIe Wr (B)
0,1738,594,0,0,236,111232,38016
1,1022624,943178,282,0,40978,65447936,60381440
Skt,PCIRdCur,ItoM,ItoMCacheNear,UCRdF,WiL,PCIe Rd (B),PCIe Wr (B)
0,60,66,1112,0,396,3840,75392
1,1028336,948618,278,0,42770,65813504,60729344
Skt,PCIRdCur,ItoM,ItoMCacheNear,UCRdF,WiL,PCIe Rd (B),PCIe Wr (B)
0,76,66,0,0,352,4864,4224
1,1027952,954822,284,0,40698,65788928,61126784
Skt,PCIRdCur,ItoM,ItoMCacheNear,UCRdF,WiL,PCIe Rd (B),PCIe Wr (B)
0,2120,76,0,0,300,135680,4864
1,1027446,943386,284,0,40972,65756544,60394880
Skt,PCIRdCur,ItoM,ItoMCacheNear,UCRdF,WiL,PCIe Rd (B),PCIe Wr (B)
0,76,116,0,0,1328,4864,7424
1,1039166,953954,282,0,40100,66506624,61071104
Skt,PCIRdCur,ItoM,ItoMCacheNear,UCRdF,WiL,PCIe Rd (B),PCIe Wr (B)
0,968,486,0,0,2420,61952,31104
1,1024440,936746,282,0,38024,65564160,59969792
Skt,PCIRdCur,ItoM,ItoMCacheNear,UCRdF,WiL,PCIe Rd (B),PCIe Wr (B)
0,96,74,0,0,2098,6144,4736
1,1034472,946428,280,0,38916,66206208,60589312
Skt,PCIRdCur,ItoM,ItoMCacheNear,UCRdF,WiL,PCIe Rd (B),PCIe Wr (B)
0,86,74,0,0,1512,5504,4736
1,1038432,954546,280,0,38812,66459648,61108864
Skt,PCIRdCur,ItoM,ItoMCacheNear,UCRdF,WiL,PCIe Rd (B),PCIe Wr (B)
0,96,88,0,0,1288,6144,5632
1,1023668,936466,278,0,39584,65514752,59951616
Skt,PCIRdCur,ItoM,ItoMCacheNear,UCRdF,WiL,PCIe Rd (B),PCIe Wr (B)
0,98,90,0,0,2364,6272,5760
1,1035524,947582,282,0,38102,66273536,60663296
Skt,PCIRdCur,ItoM,ItoMCacheNear,UCRdF,WiL,PCIe Rd (B),PCIe Wr (B)
0,600,214,0,0,712,38400,13696
1,1038324,946846,280,0,40332,66452736,60616064
Skt,PCIRdCur,ItoM,ItoMCacheNear,UCRdF,WiL,PCIe Rd (B),PCIe Wr (B)
0,334,234,0,0,1004,21376,14976
1,1030304,941984,270,0,39604,65939456,60304256
Skt,PCIRdCur,ItoM,ItoMCacheNear,UCRdF,WiL,PCIe Rd (B),PCIe Wr (B)
0,94,130,0,0,896,6016,8320
1,1034436,955494,276,0,40194,66203904,61169280
Skt,PCIRdCur,ItoM,ItoMCacheNear,UCRdF,WiL,PCIe Rd (B),PCIe Wr (B)
0,566,198,0,0,360,36224,12672
1,1039580,953166,280,0,40804,66533120,61020544
Skt,PCIRdCur,ItoM,ItoMCacheNear,UCRdF,WiL,PCIe Rd (B),PCIe Wr (B)
0,118,84,0,0,898,7552,5376
1,1029620,936978,280,0,40142,65895680,59984512
Skt,PCIRdCur,ItoM,ItoMCacheNear,UCRdF,WiL,PCIe Rd (B),PCIe Wr (B)
0,718,176,0,0,1460,45952,11264
1,1038198,952882,282,0,39572,66444672,61002496
Skt,PCIRdCur,ItoM,ItoMCacheNear,UCRdF,WiL,PCIe Rd (B),PCIe Wr (B)
0,604,186,0,0,868,38656,11904
1,1030010,941392,278,0,39980,65920640,60266880
Skt,PCIRdCur,ItoM,ItoMCacheNear,UCRdF,WiL,PCIe Rd (B),PCIe Wr (B)
0,118,110,0,0,1650,7552,7040
1,1038380,951804,282,0,39270,66456320,60933504
Skt,PCIRdCur,ItoM,ItoMCacheNear,UCRdF,WiL,PCIe Rd (B),PCIe Wr (B)
0,2212,164,0,0,1270,141568,10496
1,977580,933052,142,0,18966,62565120,59724416
Skt,PCIRdCur,ItoM,ItoMCacheNear,UCRdF,WiL,PCIe Rd (B),PCIe Wr (B)
0,82,96,0,0,84,5248,6144
1,121600,130912,0,0,0,7782400,8378368
Skt,PCIRdCur,ItoM,ItoMCacheNear,UCRdF,WiL,PCIe Rd (B),PCIe Wr (B)
0,694,154,0,0,96,44416,9856
1,0,0,0,0,0,0,0
Skt,PCIRdCur,ItoM,ItoMCacheNear,UCRdF,WiL,PCIe Rd (B),PCIe Wr (B)
0,62,98,0,0,108,3968,6272
1,0,0,0,0,0,0,0
Skt,PCIRdCur,ItoM,ItoMCacheNear,UCRdF,WiL,PCIe Rd (B),PCIe Wr (B)
0,66,92,0,0,108,4224,5888
1,0,0,0,0,0,0,0
Skt,PCIRdCur,ItoM,ItoMCacheNear,UCRdF,WiL,PCIe Rd (B),PCIe Wr (B)
0,66,70,0,0,108,4224,4480
1,0,0,0,0,0,0,0
Skt,PCIRdCur,ItoM,ItoMCacheNear,UCRdF,WiL,PCIe Rd (B),PCIe Wr (B)
0,56,76,0,0,120,3584,4864
1,0,0,0,0,0,0,0
Skt,PCIRdCur,ItoM,ItoMCacheNear,UCRdF,WiL,PCIe Rd (B),PCIe Wr (B)
0,720,218,0,0,106,46080,13952
1,0,0,0,0,0,0,0
Skt,PCIRdCur,ItoM,ItoMCacheNear,UCRdF,WiL,PCIe Rd (B),PCIe Wr (B)
0,58,44,0,0,96,3712,2816
1,0,0,0,0,0,0,0
Skt,PCIRdCur,ItoM,ItoMCacheNear,UCRdF,WiL,PCIe Rd (B),PCIe Wr (B)
0,74,38,0,0,94,4736,2432
1,0,0,0,0,0,0,0
Skt,PCIRdCur,ItoM,ItoMCacheNear,UCRdF,WiL,PCIe Rd (B),PCIe Wr (B)
0,86,52,0,0,156,5504,3328
1,0,0,0,0,0,0,0
Skt,PCIRdCur,ItoM,ItoMCacheNear,UCRdF,WiL,PCIe Rd (B),PCIe Wr (B)
0,70,92,0,0,156,4480,5888
1,0,0,0,0,0,0,0
Skt,PCIRdCur,ItoM,ItoMCacheNear,UCRdF,WiL,PCIe Rd (B),PCIe Wr (B)
0,724,216,0,0,168,46336,13824
1,0,0,0,0,0,0,0
Skt,PCIRdCur,ItoM,ItoMCacheNear,UCRdF,WiL,PCIe Rd (B),PCIe Wr (B)
0,70,90,0,0,144,4480,5760
1,0,0,0,0,0,0,0
Skt,PCIRdCur,ItoM,ItoMCacheNear,UCRdF,WiL,PCIe Rd (B),PCIe Wr (B)
0,68,76,0,0,60,4352,4864
1,0,0,0,0,0,0,0
Skt,PCIRdCur,ItoM,ItoMCacheNear,UCRdF,WiL,PCIe Rd (B),PCIe Wr (B)
0,3160,56,0,0,60,202240,3584
1,0,0,0,0,0,0,0
Skt,PCIRdCur,ItoM,ItoMCacheNear,UCRdF,WiL,PCIe Rd (B),PCIe Wr (B)
0,52,40,0,0,84,3328,2560
1,0,0,0,0,0,0,0
Skt,PCIRdCur,ItoM,ItoMCacheNear,UCRdF,WiL,PCIe Rd (B),PCIe Wr (B)
0,688,202,0,0,84,44032,12928
1,0,0,0,0,0,0,0
Skt,PCIRdCur,ItoM,ItoMCacheNear,UCRdF,WiL,PCIe Rd (B),PCIe Wr (B)
0,50,62,0,0,60,3200,3968
1,0,0,0,0,0,0,0
Skt,PCIRdCur,ItoM,ItoMCacheNear,UCRdF,WiL,PCIe Rd (B),PCIe Wr (B)
0,58,58,0,0,160,3712,3712
1,0,0,0,0,0,0,0
Skt,PCIRdCur,ItoM,ItoMCacheNear,UCRdF,WiL,PCIe Rd (B),PCIe Wr (B)
0,68,82,24,0,324,4352,6784
1,0,0,0,0,0,0,0
Skt,PCIRdCur,ItoM,ItoMCacheNear,UCRdF,WiL,PCIe Rd (B),PCIe Wr (B)
0,86,74,0,0,120,5504,4736
1,0,0,0,0,0,0,0
Skt,PCIRdCur,ItoM,ItoMCacheNear,UCRdF,WiL,PCIe Rd (B),PCIe Wr (B)
0,1840,322,0,0,96,117760,20608
1,0,0,0,0,0,0,0
Skt,PCIRdCur,ItoM,ItoMCacheNear,UCRdF,WiL,PCIe Rd (B),PCIe Wr (B)
0,562,178,0,0,84,35968,11392
1,0,0,0,0,0,0,0
Skt,PCIRdCur,ItoM,ItoMCacheNear,UCRdF,WiL,PCIe Rd (B),PCIe Wr (B)
0,66,50,0,0,72,4224,3200
1,0,0,0,0,0,0,0
Skt,PCIRdCur,ItoM,ItoMCacheNear,UCRdF,WiL,PCIe Rd (B),PCIe Wr (B)
0,50,72,24,0,336,3200,6144
1,0,0,0,0,0,0,0
Skt,PCIRdCur,ItoM,ItoMCacheNear,UCRdF,WiL,PCIe Rd (B),PCIe Wr (B)
0,20340,122,0,0,252,1301760,7808
1,0,0,0,0,0,0,0
Skt,PCIRdCur,ItoM,ItoMCacheNear,UCRdF,WiL,PCIe Rd (B),PCIe Wr (B)
0,2114,478,0,0,120,135296,30592
1,0,0,0,0,0,0,0
Skt,PCIRdCur,ItoM,ItoMCacheNear,UCRdF,WiL,PCIe Rd (B),PCIe Wr (B)
0,64,78,0,0,96,4096,4992
1,0,0,0,0,0,0,0
Skt,PCIRdCur,ItoM,ItoMCacheNear,UCRdF,WiL,PCIe Rd (B),PCIe Wr (B)
0,60,62,0,0,132,3840,3968
1,0,0,0,0,0,0,0
Skt,PCIRdCur,ItoM,ItoMCacheNear,UCRdF,WiL,PCIe Rd (B),PCIe Wr (B)
0,3454,98,28,0,292,221056,8064
1,0,0,0,0,44,0,0
Skt,PCIRdCur,ItoM,ItoMCacheNear,UCRdF,WiL,PCIe Rd (B),PCIe Wr (B)
0,444,306,0,0,2460,28416,19584
1,1421492,1221282,554,0,79118,90975488,78197504
Skt,PCIRdCur,ItoM,ItoMCacheNear,UCRdF,WiL,PCIe Rd (B),PCIe Wr (B)
0,2156,338,0,0,3552,137984,21632
1,2054282,1891536,562,0,78420,131474048,121094272
Skt,PCIRdCur,ItoM,ItoMCacheNear,UCRdF,WiL,PCIe Rd (B),PCIe Wr (B)
0,94,104,0,0,2818,6016,6656
1,2060792,1897866,560,0,78958,131890688,121499264
Skt,PCIRdCur,ItoM,ItoMCacheNear,UCRdF,WiL,PCIe Rd (B),PCIe Wr (B)
0,96,96,0,0,1714,6144,6144
1,2079474,1903530,566,0,80616,133086336,121862144
Skt,PCIRdCur,ItoM,ItoMCacheNear,UCRdF,WiL,PCIe Rd (B),PCIe Wr (B)
0,80,94,24,0,1996,5120,7552
1,2086746,1911282,554,0,80644,133551744,122357504
Skt,PCIRdCur,ItoM,ItoMCacheNear,UCRdF,WiL,PCIe Rd (B),PCIe Wr (B)
0,88,70,0,0,1260,5632,4480
1,2071052,1891116,568,0,80678,132547328,121067776
Skt,PCIRdCur,ItoM,ItoMCacheNear,UCRdF,WiL,PCIe Rd (B),PCIe Wr (B)
0,2130,590,0,0,2796,136320,37760
1,2087254,1913772,566,0,79744,133584256,122517632
Skt,PCIRdCur,ItoM,ItoMCacheNear,UCRdF,WiL,PCIe Rd (B),PCIe Wr (B)
0,90,72,0,0,2638,5760,4608
1,2066546,1905870,566,0,79716,132258944,122011904
Skt,PCIRdCur,ItoM,ItoMCacheNear,UCRdF,WiL,PCIe Rd (B),PCIe Wr (B)
0,60,100,0,0,3478,3840,6400
1,2080498,1908684,572,0,79158,133151872,122192384
Skt,PCIRdCur,ItoM,ItoMCacheNear,UCRdF,WiL,PCIe Rd (B),PCIe Wr (B)
0,74,120,24,0,3322,4736,9216
1,2068302,1901810,558,0,78854,132371328,121751552
Skt,PCIRdCur,ItoM,ItoMCacheNear,UCRdF,WiL,PCIe Rd (B),PCIe Wr (B)
0,904,88,0,0,3380,57856,5632
1,2071612,1905970,554,0,78768,132583168,122017536
Skt,PCIRdCur,ItoM,ItoMCacheNear,UCRdF,WiL,PCIe Rd (B),PCIe Wr (B)
0,1582,312,0,0,3984,101248,19968
1,2066750,1903116,562,0,78202,132272000,121835392
Skt,PCIRdCur,ItoM,ItoMCacheNear,UCRdF,WiL,PCIe Rd (B),PCIe Wr (B)
0,74,102,0,0,2032,4736,6528
1,2079172,1905254,556,0,79964,133067008,121971840
Skt,PCIRdCur,ItoM,ItoMCacheNear,UCRdF,WiL,PCIe Rd (B),PCIe Wr (B)
0,3074340,122,0,0,3480,196757760,7808
1,2082548,1909394,560,0,78408,133283072,122237056
Skt,PCIRdCur,ItoM,ItoMCacheNear,UCRdF,WiL,PCIe Rd (B),PCIe Wr (B)
0,84,92,30,0,2000,5376,7808
1,2081504,1899250,566,0,80288,133216256,121588224
Skt,PCIRdCur,ItoM,ItoMCacheNear,UCRdF,WiL,PCIe Rd (B),PCIe Wr (B)
0,64,100,0,0,3376,4096,6400
1,2084898,1903704,560,0,78528,133433472,121872896
Skt,PCIRdCur,ItoM,ItoMCacheNear,UCRdF,WiL,PCIe Rd (B),PCIe Wr (B)
0,1858,512,0,0,3068,118912,32768
1,2092814,1910484,566,0,78806,133940096,122307200
Skt,PCIRdCur,ItoM,ItoMCacheNear,UCRdF,WiL,PCIe Rd (B),PCIe Wr (B)
0,228,96,0,0,2752,14592,6144
1,2092930,1908962,570,0,79648,133947520,122210048
Skt,PCIRdCur,ItoM,ItoMCacheNear,UCRdF,WiL,PCIe Rd (B),PCIe Wr (B)
0,106,92,0,0,2816,6784,5888
1,2082674,1913886,560,0,79336,133291136,122524544
Skt,PCIRdCur,ItoM,ItoMCacheNear,UCRdF,WiL,PCIe Rd (B),PCIe Wr (B)
0,96,90,24,0,2252,6144,7296
1,2082620,1909978,556,0,79794,133287680,122274176
Skt,PCIRdCur,ItoM,ItoMCacheNear,UCRdF,WiL,PCIe Rd (B),PCIe Wr (B)
0,66,70,2242,0,1460,4224,147968
1,2078574,1910816,562,0,85370,133028736,122328192
Skt,PCIRdCur,ItoM,ItoMCacheNear,UCRdF,WiL,PCIe Rd (B),PCIe Wr (B)
0,1612,370,0,0,2064,103168,23680
1,2073674,1915336,560,0,79952,132715136,122617344
Skt,PCIRdCur,ItoM,ItoMCacheNear,UCRdF,WiL,PCIe Rd (B),PCIe Wr (B)
0,970,228,0,0,1684,62080,14592
1,2079380,1905872,562,0,80364,133080320,122011776
Skt,PCIRdCur,ItoM,ItoMCacheNear,UCRdF,WiL,PCIe Rd (B),PCIe Wr (B)
0,74,80,0,0,1964,4736,5120
1,2073746,1903780,566,0,80542,132719744,121878144
Skt,PCIRdCur,ItoM,ItoMCacheNear,UCRdF,WiL,PCIe Rd (B),PCIe Wr (B)
0,74,54,24,0,1354,4736,4992
1,2064328,1903808,566,0,81052,132116992,121879936
Skt,PCIRdCur,ItoM,ItoMCacheNear,UCRdF,WiL,PCIe Rd (B),PCIe Wr (B)
0,104,82,0,0,2600,6656,5248
1,2084030,1904296,568,0,79420,133377920,121911296
Skt,PCIRdCur,ItoM,ItoMCacheNear,UCRdF,WiL,PCIe Rd (B),PCIe Wr (B)
0,1868,476,0,0,2384,119552,30464
1,2087488,1906464,570,0,80144,133599232,122050176
Skt,PCIRdCur,ItoM,ItoMCacheNear,UCRdF,WiL,PCIe Rd (B),PCIe Wr (B)
0,64,96,0,0,4722,4096,6144
1,2070428,1903766,564,0,77620,132507392,121877120
Skt,PCIRdCur,ItoM,ItoMCacheNear,UCRdF,WiL,PCIe Rd (B),PCIe Wr (B)
0,76,94,0,0,4696,4864,6016
1,2067548,1904078,564,0,77264,132323072,121897088
Skt,PCIRdCur,ItoM,ItoMCacheNear,UCRdF,WiL,PCIe Rd (B),PCIe Wr (B)
0,60,88,28,0,4908,3840,7424
1,2062662,1888266,558,0,77078,132010368,120884736
Skt,PCIRdCur,ItoM,ItoMCacheNear,UCRdF,WiL,PCIe Rd (B),PCIe Wr (B)
0,74,134,0,0,4740,4736,8576
1,2069572,1903270,566,0,77196,132452608,121845504
Skt,PCIRdCur,ItoM,ItoMCacheNear,UCRdF,WiL,PCIe Rd (B),PCIe Wr (B)
0,2892,446,0,0,4680,185088,28544
1,2061586,1891174,560,0,77254,131941504,121070976
Skt,PCIRdCur,ItoM,ItoMCacheNear,UCRdF,WiL,PCIe Rd (B),PCIe Wr (B)
0,90,74,0,0,3004,5760,4736
1,2073484,1902168,558,0,78878,132702976,121774464
Skt,PCIRdCur,ItoM,ItoMCacheNear,UCRdF,WiL,PCIe Rd (B),PCIe Wr (B)
0,60,96,0,0,3420,3840,6144
1,2080118,1903168,556,0,78560,133127552,121838336
Skt,PCIRdCur,ItoM,ItoMCacheNear,UCRdF,WiL,PCIe Rd (B),PCIe Wr (B)
0,100,114,24,0,2832,6400,8832
1,2084060,1906676,552,0,79412,133379840,122062592
Skt,PCIRdCur,ItoM,ItoMCacheNear,UCRdF,WiL,PCIe Rd (B),PCIe Wr (B)
0,94,124,0,0,2856,6016,7936
1,2079618,1905850,564,0,79174,133095552,122010496
Skt,PCIRdCur,ItoM,ItoMCacheNear,UCRdF,WiL,PCIe Rd (B),PCIe Wr (B)
0,1596,368,0,0,1558,102144,23552
1,2073486,1905144,564,0,80798,132703104,121965312
Skt,PCIRdCur,ItoM,ItoMCacheNear,UCRdF,WiL,PCIe Rd (B),PCIe Wr (B)
0,102,94,0,0,2360,6528,6016
1,2088852,1911446,562,0,79600,133686528,122368512
Skt,PCIRdCur,ItoM,ItoMCacheNear,UCRdF,WiL,PCIe Rd (B),PCIe Wr (B)
0,80,84,2240,0,520,5120,148736
1,2083890,1913262,562,0,86130,133368960,122484736
Skt,PCIRdCur,ItoM,ItoMCacheNear,UCRdF,WiL,PCIe Rd (B),PCIe Wr (B)
0,100,114,24,0,3500,6400,8832
1,2091590,1911290,562,0,78932,133861760,122358528
Skt,PCIRdCur,ItoM,ItoMCacheNear,UCRdF,WiL,PCIe Rd (B),PCIe Wr (B)
0,92,100,0,0,2174,5888,6400
1,2088512,1920508,568,0,80442,133664768,122948864
Skt,PCIRdCur,ItoM,ItoMCacheNear,UCRdF,WiL,PCIe Rd (B),PCIe Wr (B)
0,6776,1392,0,0,2112,433664,89088
1,2081284,1904872,552,0,80176,133202176,121947136
Skt,PCIRdCur,ItoM,ItoMCacheNear,UCRdF,WiL,PCIe Rd (B),PCIe Wr (B)
0,78,130,0,0,2318,4992,8320
1,2076514,1902356,566,0,80262,132896896,121787008
Skt,PCIRdCur,ItoM,ItoMCacheNear,UCRdF,WiL,PCIe Rd (B),PCIe Wr (B)
0,1152,88,0,0,1956,73728,5632
1,2091192,1909642,566,0,80742,133836288,122253312
Skt,PCIRdCur,ItoM,ItoMCacheNear,UCRdF,WiL,PCIe Rd (B),PCIe Wr (B)
0,66,66,30,0,1676,4224,6144
1,2073778,1903344,570,0,80022,132721792,121850496
Skt,PCIRdCur,ItoM,ItoMCacheNear,UCRdF,WiL,PCIe Rd (B),PCIe Wr (B)
0,90,84,0,0,1642,5760,5376
1,2067876,1901248,560,0,80964,132344064,121715712
Skt,PCIRdCur,ItoM,ItoMCacheNear,UCRdF,WiL,PCIe Rd (B),PCIe Wr (B)
0,7002,1638,0,0,1884,448128,104832
1,2076006,1906744,556,0,80462,132864384,122067200
Skt,PCIRdCur,ItoM,ItoMCacheNear,UCRdF,WiL,PCIe Rd (B),PCIe Wr (B)
0,1120,238,0,0,4734,71680,15232
1,2072466,1895036,558,0,76538,132637824,121318016
Skt,PCIRdCur,ItoM,ItoMCacheNear,UCRdF,WiL,PCIe Rd (B),PCIe Wr (B)
0,68,128,0,0,4862,4352,8192
1,2068928,1890290,558,0,77424,132411392,121014272
Skt,PCIRdCur,ItoM,ItoMCacheNear,UCRdF,WiL,PCIe Rd (B),PCIe Wr (B)
0,78,124,24,0,4924,4992,9472
1,2077362,1903530,568,0,77432,132951168,121862272
Skt,PCIRdCur,ItoM,ItoMCacheNear,UCRdF,WiL,PCIe Rd (B),PCIe Wr (B)
0,80,102,0,0,4732,5120,6528
1,2060268,1889786,566,0,77574,131857152,120982528
Skt,PCIRdCur,ItoM,ItoMCacheNear,UCRdF,WiL,PCIe Rd (B),PCIe Wr (B)
0,6844,1614,0,0,4708,438016,103296
1,2073134,1902466,562,0,76920,132680576,121793792
Skt,PCIRdCur,ItoM,ItoMCacheNear,UCRdF,WiL,PCIe Rd (B),PCIe Wr (B)
0,876,88,0,0,3144,56064,5632
1,2075834,1904340,572,0,79202,132853376,121914368
Skt,PCIRdCur,ItoM,ItoMCacheNear,UCRdF,WiL,PCIe Rd (B),PCIe Wr (B)
0,74,88,0,0,1792,4736,5632
1,2078220,1910030,566,0,80306,133006080,122278144
Skt,PCIRdCur,ItoM,ItoMCacheNear,UCRdF,WiL,PCIe Rd (B),PCIe Wr (B)
0,68,90,24,0,2620,4352,7296
1,2062424,1899598,568,0,79556,131995136,121610624
Skt,PCIRdCur,ItoM,ItoMCacheNear,UCRdF,WiL,PCIe Rd (B),PCIe Wr (B)
0,92,88,0,0,3284,5888,5632
1,2079826,1902854,560,0,79054,133108864,121818496
Skt,PCIRdCur,ItoM,ItoMCacheNear,UCRdF,WiL,PCIe Rd (B),PCIe Wr (B)
0,7752,1874,0,0,886,496128,119936
1,2080374,1904446,554,0,81140,133143936,121920000
Skt,PCIRdCur,ItoM,ItoMCacheNear,UCRdF,WiL,PCIe Rd (B),PCIe Wr (B)
0,86,62,0,0,3476,5504,3968
1,2082024,1904688,568,0,78826,133249536,121936384
Skt,PCIRdCur,ItoM,ItoMCacheNear,UCRdF,WiL,PCIe Rd (B),PCIe Wr (B)
0,82,46,0,0,1748,5248,2944
1,2083628,1904242,558,0,80934,133352192,121907200
Skt,PCIRdCur,ItoM,ItoMCacheNear,UCRdF,WiL,PCIe Rd (B),PCIe Wr (B)
0,3076400,56,50,0,4070,196889600,6784
1,2088950,1905236,566,0,78046,133692800,121971328
Skt,PCIRdCur,ItoM,ItoMCacheNear,UCRdF,WiL,PCIe Rd (B),PCIe Wr (B)
0,76,72,0,0,2506,4864,4608
1,2092652,1918594,566,0,80248,133929728,122826240
Skt,PCIRdCur,ItoM,ItoMCacheNear,UCRdF,WiL,PCIe Rd (B),PCIe Wr (B)
0,9548,2136,0,0,3004,611072,136704
1,2089828,1915946,568,0,79578,133748992,122656896
Skt,PCIRdCur,ItoM,ItoMCacheNear,UCRdF,WiL,PCIe Rd (B),PCIe Wr (B)
0,76,114,6,0,2900,4864,7680
1,2081438,1918566,564,0,79248,133212032,122824320
Skt,PCIRdCur,ItoM,ItoMCacheNear,UCRdF,WiL,PCIe Rd (B),PCIe Wr (B)
0,76,78,0,0,2764,4864,4992
1,2077060,1911596,572,0,79602,132931840,122378752
Skt,PCIRdCur,ItoM,ItoMCacheNear,UCRdF,WiL,PCIe Rd (B),PCIe Wr (B)
0,870,80,24,0,3056,55680,6656
1,2059964,1898964,562,0,78928,131837696,121569664
Skt,PCIRdCur,ItoM,ItoMCacheNear,UCRdF,WiL,PCIe Rd (B),PCIe Wr (B)
0,350,94,0,0,3242,22400,6016
1,2089554,1900988,564,0,78446,133731456,121699328
Skt,PCIRdCur,ItoM,ItoMCacheNear,UCRdF,WiL,PCIe Rd (B),PCIe Wr (B)
0,8666,1874,0,0,2008,554624,119936
1,2075978,1903824,560,0,80310,132862592,121880576
Skt,PCIRdCur,ItoM,ItoMCacheNear,UCRdF,WiL,PCIe Rd (B),PCIe Wr (B)
0,94,52,0,0,2830,6016,3328
1,2086256,1912968,568,0,79836,133520384,122466304
Skt,PCIRdCur,ItoM,ItoMCacheNear,UCRdF,WiL,PCIe Rd (B),PCIe Wr (B)
0,76,90,0,0,2904,4864,5760
1,2085386,1909200,560,0,78354,133464704,122224640
Skt,PCIRdCur,ItoM,ItoMCacheNear,UCRdF,WiL,PCIe Rd (B),PCIe Wr (B)
0,88,106,24,0,2316,5632,8320
1,2076474,1900552,570,0,80958,132894336,121671808
Skt,PCIRdCur,ItoM,ItoMCacheNear,UCRdF,WiL,PCIe Rd (B),PCIe Wr (B)
0,80,58,0,0,1988,5120,3712
1,2091300,1911326,566,0,80700,133843200,122361088
Skt,PCIRdCur,ItoM,ItoMCacheNear,UCRdF,WiL,PCIe Rd (B),PCIe Wr (B)
0,8814,1854,0,0,1728,564096,118656
1,2073426,1912236,568,0,80954,132699264,122419456
Skt,PCIRdCur,ItoM,ItoMCacheNear,UCRdF,WiL,PCIe Rd (B),PCIe Wr (B)
0,82,48,0,0,2320,5248,3072
1,2075494,1909490,566,0,79800,132831616,122243584
Skt,PCIRdCur,ItoM,ItoMCacheNear,UCRdF,WiL,PCIe Rd (B),PCIe Wr (B)
0,888,52,0,0,2888,56832,3328
1,2082340,1911478,560,0,79386,133269760,122370432
Skt,PCIRdCur,ItoM,ItoMCacheNear,UCRdF,WiL,PCIe Rd (B),PCIe Wr (B)
0,90,92,32,0,2782,5760,7936
1,2060652,1899626,562,0,79656,131881728,121612032
Skt,PCIRdCur,ItoM,ItoMCacheNear,UCRdF,WiL,PCIe Rd (B),PCIe Wr (B)
0,114,154,0,0,1692,7296,9856
1,2076214,1905538,570,0,80482,132877696,121990912
Skt,PCIRdCur,ItoM,ItoMCacheNear,UCRdF,WiL,PCIe Rd (B),PCIe Wr (B)
0,9446,1952,0,0,772,604544,124928
1,2084490,1903254,558,0,81704,133407360,121843968
Skt,PCIRdCur,ItoM,ItoMCacheNear,UCRdF,WiL,PCIe Rd (B),PCIe Wr (B)
0,602,260,0,0,924,38528,16640
1,2089044,1909492,564,0,81728,133698816,122243584
Skt,PCIRdCur,ItoM,ItoMCacheNear,UCRdF,WiL,PCIe Rd (B),PCIe Wr (B)
0,96,146,0,0,2708,6144,9344
1,2078962,1901664,570,0,79868,133053568,121742976
Skt,PCIRdCur,ItoM,ItoMCacheNear,UCRdF,WiL,PCIe Rd (B),PCIe Wr (B)
0,90,114,3018,0,3018,5760,200448
1,2083806,1906408,568,0,84916,133363584,122046464
Skt,PCIRdCur,ItoM,ItoMCacheNear,UCRdF,WiL,PCIe Rd (B),PCIe Wr (B)
0,100,134,0,0,3582,6400,8576
1,2103756,1921826,562,0,78716,134640384,123032832
Skt,PCIRdCur,ItoM,ItoMCacheNear,UCRdF,WiL,PCIe Rd (B),PCIe Wr (B)
0,9054,2174,0,0,1844,579456,139136
1,2084276,1917338,566,0,80840,133393664,122745856
Skt,PCIRdCur,ItoM,ItoMCacheNear,UCRdF,WiL,PCIe Rd (B),PCIe Wr (B)
0,104,150,0,0,2402,6656,9600
1,2070510,1902552,566,0,79594,132512640,121799552
Skt,PCIRdCur,ItoM,ItoMCacheNear,UCRdF,WiL,PCIe Rd (B),PCIe Wr (B)
0,94,102,0,0,1376,6016,6528
1,2076328,1912916,566,0,81176,132884992,122462848
Skt,PCIRdCur,ItoM,ItoMCacheNear,UCRdF,WiL,PCIe Rd (B),PCIe Wr (B)
0,124,78,24,0,1558,7936,6528
1,2069288,1908258,558,0,80754,132434432,122164224
Skt,PCIRdCur,ItoM,ItoMCacheNear,UCRdF,WiL,PCIe Rd (B),PCIe Wr (B)
0,884,60,0,0,2624,56576,3840
1,2086314,1903618,554,0,79060,133524096,121867008
Skt,PCIRdCur,ItoM,ItoMCacheNear,UCRdF,WiL,PCIe Rd (B),PCIe Wr (B)
0,10330,2652,0,0,4426,661120,169728
1,2076160,1903614,560,0,77366,132874240,121867136
Skt,PCIRdCur,ItoM,ItoMCacheNear,UCRdF,WiL,PCIe Rd (B),PCIe Wr (B)
0,98,90,0,0,3016,6272,5760
1,2086154,1913274,556,0,79492,133513856,122485120
Skt,PCIRdCur,ItoM,ItoMCacheNear,UCRdF,WiL,PCIe Rd (B),PCIe Wr (B)
0,754,102,0,0,3804,48256,6528
1,2092310,1913120,564,0,78038,133907840,122475776
Skt,PCIRdCur,ItoM,ItoMCacheNear,UCRdF,WiL,PCIe Rd (B),PCIe Wr (B)
0,98,100,24,0,1962,6272,7936
1,2085924,1912646,564,0,80700,133499136,122445440
Skt,PCIRdCur,ItoM,ItoMCacheNear,UCRdF,WiL,PCIe Rd (B),PCIe Wr (B)
0,2172,90,0,0,2398,139008,5760
1,2078556,1912934,562,0,79908,133027584,122463744
Skt,PCIRdCur,ItoM,ItoMCacheNear,UCRdF,WiL,PCIe Rd (B),PCIe Wr (B)
0,9058,2126,0,0,1500,579712,136064
1,2071990,1899712,572,0,81498,132607360,121618176
Skt,PCIRdCur,ItoM,ItoMCacheNear,UCRdF,WiL,PCIe Rd (B),PCIe Wr (B)
0,102,88,0,0,1060,6528,5632
1,2075300,1902806,572,0,82044,132819200,121816192
Skt,PCIRdCur,ItoM,ItoMCacheNear,UCRdF,WiL,PCIe Rd (B),PCIe Wr (B)
0,96,80,0,0,2970,6144,5120
1,2086106,1903122,566,0,79070,133510784,121836032
Skt,PCIRdCur,ItoM,ItoMCacheNear,UCRdF,WiL,PCIe Rd (B),PCIe Wr (B)
0,78,96,24,0,2224,4992,7680
1,2077312,1905588,564,0,80548,132947968,121993728
Skt,PCIRdCur,ItoM,ItoMCacheNear,UCRdF,WiL,PCIe Rd (B),PCIe Wr (B)
0,100,116,0,0,3584,6400,7424
1,2082732,1912338,568,0,79002,133294848,122425984
Skt,PCIRdCur,ItoM,ItoMCacheNear,UCRdF,WiL,PCIe Rd (B),PCIe Wr (B)
0,8538,1776,0,0,1880,546432,113664
1,2067948,1898450,574,0,80806,132348672,121537536
Skt,PCIRdCur,ItoM,ItoMCacheNear,UCRdF,WiL,PCIe Rd (B),PCIe Wr (B)
0,890,88,0,0,2068,56960,5632
1,2069754,1897124,566,0,80244,132464256,121452160
Skt,PCIRdCur,ItoM,ItoMCacheNear,UCRdF,WiL,PCIe Rd (B),PCIe Wr (B)
0,80,62,0,0,1790,5120,3968
1,2075796,1903360,568,0,80654,132850944,121851392
Skt,PCIRdCur,ItoM,ItoMCacheNear,UCRdF,WiL,PCIe Rd (B),PCIe Wr (B)
0,76,66,24,0,1772,4864,5760
1,2069106,1899418,568,0,80606,132422784,121599104
Skt,PCIRdCur,ItoM,ItoMCacheNear,UCRdF,WiL,PCIe Rd (B),PCIe Wr (B)
0,3063946,86,0,0,1800,196092544,5504
1,2092102,1915950,566,0,81004,133894528,122657024
Skt,PCIRdCur,ItoM,ItoMCacheNear,UCRdF,WiL,PCIe Rd (B),PCIe Wr (B)
0,8666,1798,0,0,2508,554624,115072
1,2070114,1911668,562,0,80096,132487296,122382720
Skt,PCIRdCur,ItoM,ItoMCacheNear,UCRdF,WiL,PCIe Rd (B),PCIe Wr (B)
0,586,236,0,0,2168,37504,15104
1,2079986,1902234,566,0,79774,133119104,121779200
Skt,PCIRdCur,ItoM,ItoMCacheNear,UCRdF,WiL,PCIe Rd (B),PCIe Wr (B)
0,76,96,0,0,1476,4864,6144
1,2102382,1922970,572,0,81254,134552448,123106688
Skt,PCIRdCur,ItoM,ItoMCacheNear,UCRdF,WiL,PCIe Rd (B),PCIe Wr (B)
0,78,76,24,0,3936,4992,6400
1,2087196,1918290,562,0,78410,133580544,122806528
Skt,PCIRdCur,ItoM,ItoMCacheNear,UCRdF,WiL,PCIe Rd (B),PCIe Wr (B)
0,2168,138,0,0,2454,138752,8832
1,1545034,1465730,276,0,39206,98882176,93824384
Skt,PCIRdCur,ItoM,ItoMCacheNear,UCRdF,WiL,PCIe Rd (B),PCIe Wr (B)
0,9560,1874,0,0,144,611840,119936
1,0,6400,0,0,0,0,409600
Skt,PCIRdCur,ItoM,ItoMCacheNear,UCRdF,WiL,PCIe Rd (B),PCIe Wr (B)
0,76,70,0,0,156,4864,4480
1,0,0,0,0,0,0,0
Skt,PCIRdCur,ItoM,ItoMCacheNear,UCRdF,WiL,PCIe Rd (B),PCIe Wr (B)
0,40,78,0,0,120,2560,4992
1,0,0,0,0,0,0,0
Skt,PCIRdCur,ItoM,ItoMCacheNear,UCRdF,WiL,PCIe Rd (B),PCIe Wr (B)
0,716,72,24,0,278,45824,6144
1,0,0,0,0,0,0,0
Skt,PCIRdCur,ItoM,ItoMCacheNear,UCRdF,WiL,PCIe Rd (B),PCIe Wr (B)
0,36,46,0,0,60,2304,2944
1,0,0,0,0,0,0,0
Skt,PCIRdCur,ItoM,ItoMCacheNear,UCRdF,WiL,PCIe Rd (B),PCIe Wr (B)
0,8864,1954,0,0,60,567296,125056
1,0,0,0,0,0,0,0
Skt,PCIRdCur,ItoM,ItoMCacheNear,UCRdF,WiL,PCIe Rd (B),PCIe Wr (B)
0,306,40,0,0,108,19584,2560
1,0,0,0,0,0,0,0
Skt,PCIRdCur,ItoM,ItoMCacheNear,UCRdF,WiL,PCIe Rd (B),PCIe Wr (B)
0,46,54,0,0,96,2944,3456
1,0,0,0,0,0,0,0
Skt,PCIRdCur,ItoM,ItoMCacheNear,UCRdF,WiL,PCIe Rd (B),PCIe Wr (B)
0,32,64,24,0,336,2048,5632
1,0,0,0,0,0,0,0
Skt,PCIRdCur,ItoM,ItoMCacheNear,UCRdF,WiL,PCIe Rd (B),PCIe Wr (B)
0,62,100,0,0,156,3968,6400
1,0,0,0,0,0,0,0
Skt,PCIRdCur,ItoM,ItoMCacheNear,UCRdF,WiL,PCIe Rd (B),PCIe Wr (B)
0,9122,1834,0,0,60,583808,117376
1,0,0,0,0,0,0,0
Skt,PCIRdCur,ItoM,ItoMCacheNear,UCRdF,WiL,PCIe Rd (B),PCIe Wr (B)
0,32,40,0,0,108,2048,2560
1,0,0,0,0,0,0,0
Skt,PCIRdCur,ItoM,ItoMCacheNear,UCRdF,WiL,PCIe Rd (B),PCIe Wr (B)
0,850,60,0,0,84,54400,3840
1,0,0,0,0,0,0,0
Skt,PCIRdCur,ItoM,ItoMCacheNear,UCRdF,WiL,PCIe Rd (B),PCIe Wr (B)
0,56,68,24,0,240,3584,5888
1,0,0,0,0,0,0,0
Skt,PCIRdCur,ItoM,ItoMCacheNear,UCRdF,WiL,PCIe Rd (B),PCIe Wr (B)
0,2608,64,0,0,96,166912,4096
1,0,0,0,0,0,0,0
Skt,PCIRdCur,ItoM,ItoMCacheNear,UCRdF,WiL,PCIe Rd (B),PCIe Wr (B)
0,9406,1860,0,0,132,601984,119040
1,0,0,0,0,0,0,0
Skt,PCIRdCur,ItoM,ItoMCacheNear,UCRdF,WiL,PCIe Rd (B),PCIe Wr (B)
0,46,90,0,0,132,2944,5760
1,0,0,0,0,0,0,0
Skt,PCIRdCur,ItoM,ItoMCacheNear,UCRdF,WiL,PCIe Rd (B),PCIe Wr (B)
0,32,56,0,0,144,2048,3584
1,0,0,0,0,0,0,0
Skt,PCIRdCur,ItoM,ItoMCacheNear,UCRdF,WiL,PCIe Rd (B),PCIe Wr (B)
0,34,56,24,0,324,2176,5120
1,0,0,0,0,0,0,0
Skt,PCIRdCur,ItoM,ItoMCacheNear,UCRdF,WiL,PCIe Rd (B),PCIe Wr (B)
0,32,48,0,0,132,2048,3072
1,0,0,0,0,0,0,0
Skt,PCIRdCur,ItoM,ItoMCacheNear,UCRdF,WiL,PCIe Rd (B),PCIe Wr (B)
0,8750,1984,0,0,108,560000,126976
1,0,0,0,0,0,0,0
Skt,PCIRdCur,ItoM,ItoMCacheNear,UCRdF,WiL,PCIe Rd (B),PCIe Wr (B)
0,960,78,0,0,192,61440,4992
1,0,0,0,0,0,0,0
Skt,PCIRdCur,ItoM,ItoMCacheNear,UCRdF,WiL,PCIe Rd (B),PCIe Wr (B)
0,46,130,0,0,252,2944,8320
1,0,0,0,0,0,0,0
Skt,PCIRdCur,ItoM,ItoMCacheNear,UCRdF,WiL,PCIe Rd (B),PCIe Wr (B)
0,66,118,24,0,312,4224,9088
1,0,0,0,0,0,0,0
Skt,PCIRdCur,ItoM,ItoMCacheNear,UCRdF,WiL,PCIe Rd (B),PCIe Wr (B)
0,710,44,0,0,130,45440,2816
1,0,0,0,0,0,0,0
Skt,PCIRdCur,ItoM,ItoMCacheNear,UCRdF,WiL,PCIe Rd (B),PCIe Wr (B)
0,9144,1994,0,0,180,585216,127616
1,0,0,0,0,0,0,0
Skt,PCIRdCur,ItoM,ItoMCacheNear,UCRdF,WiL,PCIe Rd (B),PCIe Wr (B)
0,568,228,0,0,132,36352,14592
1,0,0,0,0,0,0,0
Skt,PCIRdCur,ItoM,ItoMCacheNear,UCRdF,WiL,PCIe Rd (B),PCIe Wr (B)
0,46,58,0,0,86,2944,3712
1,0,0,0,0,0,0,0
Skt,PCIRdCur,ItoM,ItoMCacheNear,UCRdF,WiL,PCIe Rd (B),PCIe Wr (B)
0,32,64,24,0,336,2048,5632
1,0,0,0,0,0,0,0
Skt,PCIRdCur,ItoM,ItoMCacheNear,UCRdF,WiL,PCIe Rd (B),PCIe Wr (B)
0,3452,66,0,0,96,220928,4224
1,0,0,0,0,0,0,0
Skt,PCIRdCur,ItoM,ItoMCacheNear,UCRdF,WiL,PCIe Rd (B),PCIe Wr (B)
0,9888,2200,0,0,1020,632832,140800
1,1891100,1648426,520,0,74400,121030400,105532544
Skt,PCIRdCur,ItoM,ItoMCacheNear,UCRdF,WiL,PCIe Rd (B),PCIe Wr (B)
0,62,56,398,0,2204,3968,29056
1,1888392,1738940,520,0,74676,120857088,111325440
Skt,PCIRdCur,ItoM,ItoMCacheNear,UCRdF,WiL,PCIe Rd (B),PCIe Wr (B)
0,64,30,0,0,124,4096,1920
1,1916586,1743458,516,0,75690,122661504,111614336
Skt,PCIRdCur,ItoM,ItoMCacheNear,UCRdF,WiL,PCIe Rd (B),PCIe Wr (B)
0,884,78,24,0,280,56576,6528
1,1905864,1746930,516,0,75692,121975296,111836544
Skt,PCIRdCur,ItoM,ItoMCacheNear,UCRdF,WiL,PCIe Rd (B),PCIe Wr (B)
0,60,84,0,0,2748,3840,5376
1,1909854,1756276,520,0,72918,122230656,112434944
Skt,PCIRdCur,ItoM,ItoMCacheNear,UCRdF,WiL,PCIe Rd (B),PCIe Wr (B)
0,9022,2130,0,0,2354,577408,136320
1,1903806,1744152,522,0,73352,121843584,111659136
Skt,PCIRdCur,ItoM,ItoMCacheNear,UCRdF,WiL,PCIe Rd (B),PCIe Wr (B)
0,740,98,1372,0,1124,47360,94080
1,1905008,1744454,516,0,77084,121920512,111678080
Skt,PCIRdCur,ItoM,ItoMCacheNear,UCRdF,WiL,PCIe Rd (B),PCIe Wr (B)
0,60,64,0,0,2136,3840,4096
1,1912862,1750574,514,0,73466,122423168,112069632
Skt,PCIRdCur,ItoM,ItoMCacheNear,UCRdF,WiL,PCIe Rd (B),PCIe Wr (B)
0,80,82,24,0,1294,5120,6784
1,1901468,1755718,512,0,75280,121693952,112398720
Skt,PCIRdCur,ItoM,ItoMCacheNear,UCRdF,WiL,PCIe Rd (B),PCIe Wr (B)
0,74,106,0,0,2912,4736,6784
1,1907840,1754850,522,0,72240,122101760,112343808
Skt,PCIRdCur,ItoM,ItoMCacheNear,UCRdF,WiL,PCIe Rd (B),PCIe Wr (B)
0,10046,2522,0,0,2136,642944,161408
1,1906018,1744234,510,0,73830,121985152,111663616
Skt,PCIRdCur,ItoM,ItoMCacheNear,UCRdF,WiL,PCIe Rd (B),PCIe Wr (B)
0,74,114,0,0,372,4736,7296
1,1913998,1749736,516,0,75556,122495872,112016128
Skt,PCIRdCur,ItoM,ItoMCacheNear,UCRdF,WiL,PCIe Rd (B),PCIe Wr (B)
0,738,118,0,0,1524,47232,7552
1,1903658,1744984,512,0,73818,121834112,111711744
Skt,PCIRdCur,ItoM,ItoMCacheNear,UCRdF,WiL,PCIe Rd (B),PCIe Wr (B)
0,70,94,24,0,2920,4480,7552
1,1899428,1755744,518,0,72610,121563392,112400768
Skt,PCIRdCur,ItoM,ItoMCacheNear,UCRdF,WiL,PCIe Rd (B),PCIe Wr (B)
0,4486,70,0,0,1980,287104,4480
1,1910666,1751632,518,0,72916,122282624,112137600
Skt,PCIRdCur,ItoM,ItoMCacheNear,UCRdF,WiL,PCIe Rd (B),PCIe Wr (B)
0,10318,1970,0,0,1004,660352,126080
1,1902296,1744538,516,0,75376,121746944,111683456
Skt,PCIRdCur,ItoM,ItoMCacheNear,UCRdF,WiL,PCIe Rd (B),PCIe Wr (B)
0,72,92,0,0,2072,4608,5888
1,1903360,1752142,522,0,73538,121815040,112170496
Skt,PCIRdCur,ItoM,ItoMCacheNear,UCRdF,WiL,PCIe Rd (B),PCIe Wr (B)
0,78,90,0,0,1324,4992,5760
1,1913390,1743336,520,0,74578,122456960,111606784
Skt,PCIRdCur,ItoM,ItoMCacheNear,UCRdF,WiL,PCIe Rd (B),PCIe Wr (B)
0,1648,134,24,0,2778,105472,10112
1,1911222,1754202,514,0,73134,122318208,112301824
Skt,PCIRdCur,ItoM,ItoMCacheNear,UCRdF,WiL,PCIe Rd (B),PCIe Wr (B)
0,64,122,0,0,1628,4096,7808
1,1910208,1749676,518,0,74008,122253312,112012416
Skt,PCIRdCur,ItoM,ItoMCacheNear,UCRdF,WiL,PCIe Rd (B),PCIe Wr (B)
0,8636,1884,0,0,1760,552704,120576
1,1904630,1757690,518,0,73754,121896320,112525312
Skt,PCIRdCur,ItoM,ItoMCacheNear,UCRdF,WiL,PCIe Rd (B),PCIe Wr (B)
0,62,74,0,0,2548,3968,4736
1,1894406,1736556,522,0,72530,121241984,111172992
Skt,PCIRdCur,ItoM,ItoMCacheNear,UCRdF,WiL,PCIe Rd (B),PCIe Wr (B)
0,96,114,0,0,3354,6144,7296
1,1910826,1752408,510,0,72574,122292864,112186752
Skt,PCIRdCur,ItoM,ItoMCacheNear,UCRdF,WiL,PCIe Rd (B),PCIe Wr (B)
0,98,108,24,0,2496,6272,8448
1,1907152,1755406,518,0,72958,122057728,112379136
Skt,PCIRdCur,ItoM,ItoMCacheNear,UCRdF,WiL,PCIe Rd (B),PCIe Wr (B)
0,904,86,2746,0,2532,57856,181248
1,1915938,1749596,522,0,79162,122620032,112007552
Skt,PCIRdCur,ItoM,ItoMCacheNear,UCRdF,WiL,PCIe Rd (B),PCIe Wr (B)
0,9818,2274,0,0,148,628352,145536
1,1909072,1751784,528,0,75686,122180608,112147968
Skt,PCIRdCur,ItoM,ItoMCacheNear,UCRdF,WiL,PCIe Rd (B),PCIe Wr (B)
0,90,102,0,0,186,5760,6528
1,1929474,1750178,518,0,75338,123486336,112044544
Skt,PCIRdCur,ItoM,ItoMCacheNear,UCRdF,WiL,PCIe Rd (B),PCIe Wr (B)
0,1184,108,0,0,184,75776,6912
1,1905338,1752768,518,0,75500,121941632,112210304
Skt,PCIRdCur,ItoM,ItoMCacheNear,UCRdF,WiL,PCIe Rd (B),PCIe Wr (B)
0,90,70,24,0,232,5760,6016
1,1921000,1756348,522,0,74802,122944000,112439680
Skt,PCIRdCur,ItoM,ItoMCacheNear,UCRdF,WiL,PCIe Rd (B),PCIe Wr (B)
0,3484,42,0,0,124,222976,2688
1,1912396,1758290,510,0,75804,122393344,112563200
Skt,PCIRdCur,ItoM,ItoMCacheNear,UCRdF,WiL,PCIe Rd (B),PCIe Wr (B)
0,10720,2236,0,0,160,686080,143104
1,1910126,1751926,522,0,75064,122248064,112156672
Skt,PCIRdCur,ItoM,ItoMCacheNear,UCRdF,WiL,PCIe Rd (B),PCIe Wr (B)
0,78,86,0,0,190,4992,5504
1,1915446,1761058,518,0,75974,122588544,112740864
Skt,PCIRdCur,ItoM,ItoMCacheNear,UCRdF,WiL,PCIe Rd (B),PCIe Wr (B)
0,76,108,0,0,184,4864,6912
1,1933568,1763480,524,0,75622,123748352,112896256
Skt,PCIRdCur,ItoM,ItoMCacheNear,UCRdF,WiL,PCIe Rd (B),PCIe Wr (B)
0,748,72,24,0,3300,47872,6144
1,1904460,1753976,518,0,72582,121885440,112287616
Skt,PCIRdCur,ItoM,ItoMCacheNear,UCRdF,WiL,PCIe Rd (B),PCIe Wr (B)
0,80,70,0,0,1328,5120,4480
1,1897032,1736316,524,0,74534,121410048,111157760
Skt,PCIRdCur,ItoM,ItoMCacheNear,UCRdF,WiL,PCIe Rd (B),PCIe Wr (B)
0,9548,2022,0,0,3124,611072,129408
1,1908006,1750002,506,0,72994,122112384,112032512
Skt,PCIRdCur,ItoM,ItoMCacheNear,UCRdF,WiL,PCIe Rd (B),PCIe Wr (B)
0,922,224,0,0,2500,59008,14336
1,1912830,1748714,524,0,72830,122421120,111951232
Skt,PCIRdCur,ItoM,ItoMCacheNear,UCRdF,WiL,PCIe Rd (B),PCIe Wr (B)
0,94,206,0,0,2288,6016,13184
1,1903574,1745180,516,0,74380,121828736,111724544
Skt,PCIRdCur,ItoM,ItoMCacheNear,UCRdF,WiL,PCIe Rd (B),PCIe Wr (B)
0,94,212,24,0,2678,6016,15104
1,1899368,1744364,516,0,72718,121559552,111672320
Skt,PCIRdCur,ItoM,ItoMCacheNear,UCRdF,WiL,PCIe Rd (B),PCIe Wr (B)
0,784,116,0,0,2216,50176,7424
1,1914312,1750384,520,0,73674,122515968,112057856
Skt,PCIRdCur,ItoM,ItoMCacheNear,UCRdF,WiL,PCIe Rd (B),PCIe Wr (B)
0,9808,2246,0,0,2496,627712,143744
1,1920116,1756558,522,0,73062,122887424,112453120
Skt,PCIRdCur,ItoM,ItoMCacheNear,UCRdF,WiL,PCIe Rd (B),PCIe Wr (B)
0,114,78,0,0,1252,7296,4992
1,1906586,1737758,516,0,74456,122021504,111249536
Skt,PCIRdCur,ItoM,ItoMCacheNear,UCRdF,WiL,PCIe Rd (B),PCIe Wr (B)
0,82,54,0,0,2084,5248,3456
1,1903380,1748064,520,0,73256,121816320,111909376
Skt,PCIRdCur,ItoM,ItoMCacheNear,UCRdF,WiL,PCIe Rd (B),PCIe Wr (B)
0,76,80,24,0,1524,4864,6656
1,1915400,1750334,514,0,73870,122585600,112054272
Skt,PCIRdCur,ItoM,ItoMCacheNear,UCRdF,WiL,PCIe Rd (B),PCIe Wr (B)
0,96,100,8,0,1900,6144,6912
1,1914820,1757322,516,0,74316,122548480,112501632
Skt,PCIRdCur,ItoM,ItoMCacheNear,UCRdF,WiL,PCIe Rd (B),PCIe Wr (B)
0,2841388,2178,0,0,2224,181848832,139392
1,1906344,1750880,522,0,73452,122006016,112089728
Skt,PCIRdCur,ItoM,ItoMCacheNear,UCRdF,WiL,PCIe Rd (B),PCIe Wr (B)
0,90,116,0,0,1868,5760,7424
1,1910782,1751248,516,0,73890,122290048,112112896
Skt,PCIRdCur,ItoM,ItoMCacheNear,UCRdF,WiL,PCIe Rd (B),PCIe Wr (B)
0,90,80,0,0,2162,5760,5120
1,1925942,1754824,524,0,73590,123260288,112342272
Skt,PCIRdCur,ItoM,ItoMCacheNear,UCRdF,WiL,PCIe Rd (B),PCIe Wr (B)
0,718,60,24,0,3242,45952,5376
1,1914040,1750408,524,0,72566,122498560,112059648
Skt,PCIRdCur,ItoM,ItoMCacheNear,UCRdF,WiL,PCIe Rd (B),PCIe Wr (B)
0,106,108,0,0,2548,6784,6912
1,1899310,1758114,510,0,72090,121555840,112551936
Skt,PCIRdCur,ItoM,ItoMCacheNear,UCRdF,WiL,PCIe Rd (B),PCIe Wr (B)
0,8542,1762,0,0,3362,546688,112768
1,1901158,1742800,516,0,72138,121674112,111572224
Skt,PCIRdCur,ItoM,ItoMCacheNear,UCRdF,WiL,PCIe Rd (B),PCIe Wr (B)
0,1252,88,0,0,2380,80128,5632
1,1899104,1744212,522,0,72580,121542656,111662976
Skt,PCIRdCur,ItoM,ItoMCacheNear,UCRdF,WiL,PCIe Rd (B),PCIe Wr (B)
0,80,96,0,0,2136,5120,6144
1,1909328,1747328,514,0,72846,122196992,111861888
Skt,PCIRdCur,ItoM,ItoMCacheNear,UCRdF,WiL,PCIe Rd (B),PCIe Wr (B)
0,84,78,24,0,2388,5376,6528
1,1889810,1757718,516,0,73332,120947840,112526976
Skt,PCIRdCur,ItoM,ItoMCacheNear,UCRdF,WiL,PCIe Rd (B),PCIe Wr (B)
0,82,74,0,0,1260,5248,4736
1,1906672,1751368,514,0,73826,122027008,112120448
Skt,PCIRdCur,ItoM,ItoMCacheNear,UCRdF,WiL,PCIe Rd (B),PCIe Wr (B)
0,10316,2608,0,0,1048,660224,166912
1,1915808,1757192,522,0,75330,122611712,112493696
Skt,PCIRdCur,ItoM,ItoMCacheNear,UCRdF,WiL,PCIe Rd (B),PCIe Wr (B)
0,74,58,0,0,1684,4736,3712
1,1918006,1748486,518,0,74146,122752384,111936256
Skt,PCIRdCur,ItoM,ItoMCacheNear,UCRdF,WiL,PCIe Rd (B),PCIe Wr (B)
0,882,84,0,0,1792,56448,5376
1,1892428,1745806,520,0,74162,121115392,111764864
Skt,PCIRdCur,ItoM,ItoMCacheNear,UCRdF,WiL,PCIe Rd (B),PCIe Wr (B)
0,90,122,24,0,3428,5760,9344
1,1919140,1750002,518,0,72428,122824960,112033280
Skt,PCIRdCur,ItoM,ItoMCacheNear,UCRdF,WiL,PCIe Rd (B),PCIe Wr (B)
0,88,110,2,0,2004,5632,7168
1,1918166,1751246,526,0,73476,122762624,112113408
Skt,PCIRdCur,ItoM,ItoMCacheNear,UCRdF,WiL,PCIe Rd (B),PCIe Wr (B)
0,10974,2516,0,0,1320,702336,161024
1,1910498,1750494,522,0,74498,122271872,112065024
Skt,PCIRdCur,ItoM,ItoMCacheNear,UCRdF,WiL,PCIe Rd (B),PCIe Wr (B)
0,104,92,0,0,3392,6656,5888
1,1897190,1746374,516,0,71746,121420160,111800960
Skt,PCIRdCur,ItoM,ItoMCacheNear,UCRdF,WiL,PCIe Rd (B),PCIe Wr (B)
0,610,106,0,0,2152,39040,6784
1,1904144,1746126,522,0,73692,121865216,111785472
Skt,PCIRdCur,ItoM,ItoMCacheNear,UCRdF,WiL,PCIe Rd (B),PCIe Wr (B)
0,876,72,24,0,2734,56064,6144
1,1912756,1752198,514,0,72594,122416384,112173568
Skt,PCIRdCur,ItoM,ItoMCacheNear,UCRdF,WiL,PCIe Rd (B),PCIe Wr (B)
0,108,82,0,0,1864,6912,5248
1,1915340,1758572,518,0,74038,122581760,112581760
Skt,PCIRdCur,ItoM,ItoMCacheNear,UCRdF,WiL,PCIe Rd (B),PCIe Wr (B)
0,14542,3052,0,0,2064,930688,195328
1,1892598,1751586,508,0,72908,121126272,112134016
Skt,PCIRdCur,ItoM,ItoMCacheNear,UCRdF,WiL,PCIe Rd (B),PCIe Wr (B)
0,770,112,0,0,2748,49280,7168
1,1904100,1743644,518,0,72696,121862400,111626368
Skt,PCIRdCur,ItoM,ItoMCacheNear,UCRdF,WiL,PCIe Rd (B),PCIe Wr (B)
0,88,80,0,0,2940,5632,5120
1,1905518,1747648,524,0,72566,121953152,111883008
Skt,PCIRdCur,ItoM,ItoMCacheNear,UCRdF,WiL,PCIe Rd (B),PCIe Wr (B)
0,2817740,68,24,0,2714,180335360,5888
1,1913858,1751822,518,0,72814,122486912,112149760
Skt,PCIRdCur,ItoM,ItoMCacheNear,UCRdF,WiL,PCIe Rd (B),PCIe Wr (B)
0,876,72,0,0,3032,56064,4608
1,1908630,1746740,514,0,72930,122152320,111824256
Skt,PCIRdCur,ItoM,ItoMCacheNear,UCRdF,WiL,PCIe Rd (B),PCIe Wr (B)
0,10334,2516,0,0,656,661376,161024
1,1908278,1749796,518,0,74670,122129792,112020096
Skt,PCIRdCur,ItoM,ItoMCacheNear,UCRdF,WiL,PCIe Rd (B),PCIe Wr (B)
0,986,244,0,0,3764,63104,15616
1,1929850,1755936,522,0,72074,123510400,112413312
Skt,PCIRdCur,ItoM,ItoMCacheNear,UCRdF,WiL,PCIe Rd (B),PCIe Wr (B)
0,740,98,0,0,2490,47360,6272
1,1909122,1759968,516,0,72944,122183808,112670976
Skt,PCIRdCur,ItoM,ItoMCacheNear,UCRdF,WiL,PCIe Rd (B),PCIe Wr (B)
0,64,76,24,0,2324,4096,6400
1,1913820,1757656,518,0,73858,122484480,112523136
Skt,PCIRdCur,ItoM,ItoMCacheNear,UCRdF,WiL,PCIe Rd (B),PCIe Wr (B)
0,62,76,6,0,1912,3968,5248
1,1914050,1750580,526,0,74284,122499200,112070784
Skt,PCIRdCur,ItoM,ItoMCacheNear,UCRdF,WiL,PCIe Rd (B),PCIe Wr (B)
0,10178,2528,0,0,196,651392,161792
1,1914360,1750366,524,0,75176,122519040,112056960
Skt,PCIRdCur,ItoM,ItoMCacheNear,UCRdF,WiL,PCIe Rd (B),PCIe Wr (B)
0,192,106,0,0,2380,12288,6784
1,1900406,1744174,518,0,73344,121625984,111660288
Skt,PCIRdCur,ItoM,ItoMCacheNear,UCRdF,WiL,PCIe Rd (B),PCIe Wr (B)
0,996,244,0,0,2960,63744,15616
1,1896660,1754008,514,0,72114,121386240,112289408
Skt,PCIRdCur,ItoM,ItoMCacheNear,UCRdF,WiL,PCIe Rd (B),PCIe Wr (B)
0,852,106,24,0,2284,54528,8320
1,1908638,1752564,514,0,73692,122152832,112196992
Skt,PCIRdCur,ItoM,ItoMCacheNear,UCRdF,WiL,PCIe Rd (B),PCIe Wr (B)
0,62,118,0,0,526,3968,7552
1,1906360,1749462,522,0,75242,122007040,111998976
Skt,PCIRdCur,ItoM,ItoMCacheNear,UCRdF,WiL,PCIe Rd (B),PCIe Wr (B)
0,11452,2514,0,0,1610,732928,160896
1,1899372,1736122,522,0,73772,121559808,111145216
Skt,PCIRdCur,ItoM,ItoMCacheNear,UCRdF,WiL,PCIe Rd (B),PCIe Wr (B)
0,1364,68,0,0,1344,87296,4352
1,1904428,1752538,518,0,74828,121883392,112195584
Skt,PCIRdCur,ItoM,ItoMCacheNear,UCRdF,WiL,PCIe Rd (B),PCIe Wr (B)
0,94,100,0,0,1464,6016,6400
1,1924654,1752456,522,0,74168,123177856,112190592
Skt,PCIRdCur,ItoM,ItoMCacheNear,UCRdF,WiL,PCIe Rd (B),PCIe Wr (B)
0,60,64,24,0,3476,3840,5632
1,1905572,1753276,520,0,72858,121956608,112242944
Skt,PCIRdCur,ItoM,ItoMCacheNear,UCRdF,WiL,PCIe Rd (B),PCIe Wr (B)
0,1278,98,0,0,1392,81792,6272
1,1914632,1748686,520,0,74258,122536448,111949184
Skt,PCIRdCur,ItoM,ItoMCacheNear,UCRdF,WiL,PCIe Rd (B),PCIe Wr (B)
0,8894,2044,0,0,1004,569216,130816
1,1901730,1759526,520,0,74806,121710720,112642944
Skt,PCIRdCur,ItoM,ItoMCacheNear,UCRdF,WiL,PCIe Rd (B),PCIe Wr (B)
0,1084,346,0,0,1964,69376,22144
1,1901200,1728602,514,0,73218,121676800,110663424
Skt,PCIRdCur,ItoM,ItoMCacheNear,UCRdF,WiL,PCIe Rd (B),PCIe Wr (B)
0,732,56,0,0,172,46848,3584
1,1909208,1758298,516,0,76262,122189312,112564096
Skt,PCIRdCur,ItoM,ItoMCacheNear,UCRdF,WiL,PCIe Rd (B),PCIe Wr (B)
0,78,114,2772,0,316,4992,184704
1,1920132,1757204,522,0,80980,122888448,112494464
Skt,PCIRdCur,ItoM,ItoMCacheNear,UCRdF,WiL,PCIe Rd (B),PCIe Wr (B)
0,60,98,8,0,160,3840,6784
1,1909868,1766328,528,0,75730,122231552,113078784
Skt,PCIRdCur,ItoM,ItoMCacheNear,UCRdF,WiL,PCIe Rd (B),PCIe Wr (B)
0,12258,2652,0,0,162,784512,169728
1,1912450,1758844,524,0,75882,122396800,112599552
Skt,PCIRdCur,ItoM,ItoMCacheNear,UCRdF,WiL,PCIe Rd (B),PCIe Wr (B)
0,74,106,0,0,304,4736,6784
1,1903138,1745890,526,0,75716,121800832,111770624
Skt,PCIRdCur,ItoM,ItoMCacheNear,UCRdF,WiL,PCIe Rd (B),PCIe Wr (B)
0,1004,296,0,0,256,64256,18944
1,1914434,1751540,522,0,75690,122523776,112131968
Skt,PCIRdCur,ItoM,ItoMCacheNear,UCRdF,WiL,PCIe Rd (B),PCIe Wr (B)
0,728,106,24,0,364,46592,8320
1,1918344,1751630,522,0,75400,122774016,112137728
Skt,PCIRdCur,ItoM,ItoMCacheNear,UCRdF,WiL,PCIe Rd (B),PCIe Wr (B)
0,94,152,0,0,124,6016,9728
1,1906326,1747650,516,0,75136,122004864,111882624
Skt,PCIRdCur,ItoM,ItoMCacheNear,UCRdF,WiL,PCIe Rd (B),PCIe Wr (B)
0,10428,1974,0,0,168,667392,126336
1,1923576,1754174,514,0,75316,123108864,112300032
Skt,PCIRdCur,ItoM,ItoMCacheNear,UCRdF,WiL,PCIe Rd (B),PCIe Wr (B)
0,1018,104,0,0,160,65152,6656
1,1915132,1765052,520,0,76442,122568448,112996608
Skt,PCIRdCur,ItoM,ItoMCacheNear,UCRdF,WiL,PCIe Rd (B),PCIe Wr (B)
0,60,92,0,0,220,3840,5888
1,1917516,1755380,522,0,75038,122721024,112377728
Skt,PCIRdCur,ItoM,ItoMCacheNear,UCRdF,WiL,PCIe Rd (B),PCIe Wr (B)
0,80,138,24,0,352,5120,10368
1,1908408,1759070,520,0,76150,122138112,112613760
Skt,PCIRdCur,ItoM,ItoMCacheNear,UCRdF,WiL,PCIe Rd (B),PCIe Wr (B)
0,778,124,0,0,1972,49792,7936
1,1907432,1744198,516,0,73280,122075648,111661696
Skt,PCIRdCur,ItoM,ItoMCacheNear,UCRdF,WiL,PCIe Rd (B),PCIe Wr (B)
0,10434,2266,0,0,2580,667776,145024
1,1920546,1754210,516,0,73324,122914944,112302464
Skt,PCIRdCur,ItoM,ItoMCacheNear,UCRdF,WiL,PCIe Rd (B),PCIe Wr (B)
0,1222,338,0,0,1952,78208,21632
1,1900510,1744210,520,0,74112,121632640,111662720
Skt,PCIRdCur,ItoM,ItoMCacheNear,UCRdF,WiL,PCIe Rd (B),PCIe Wr (B)
0,856,110,0,0,2904,54784,7040
1,1907040,1750178,522,0,72204,122050560,112044800
Skt,PCIRdCur,ItoM,ItoMCacheNear,UCRdF,WiL,PCIe Rd (B),PCIe Wr (B)
0,92,92,0,0,1672,5888,5888
1,1909560,1741562,520,0,74750,122211840,111493248
Skt,PCIRdCur,ItoM,ItoMCacheNear,UCRdF,WiL,PCIe Rd (B),PCIe Wr (B)
0,86,104,18,0,1928,5504,7808
1,1908148,1742608,518,0,73606,122121472,111560064
Skt,PCIRdCur,ItoM,ItoMCacheNear,UCRdF,WiL,PCIe Rd (B),PCIe Wr (B)
0,9724,1790,0,0,2012,622336,114560
1,1906370,1748362,520,0,74440,122007680,111928448
Skt,PCIRdCur,ItoM,ItoMCacheNear,UCRdF,WiL,PCIe Rd (B),PCIe Wr (B)
0,596,232,0,0,2220,38144,14848
1,1907350,1750916,518,0,73424,122070400,112091776
Skt,PCIRdCur,ItoM,ItoMCacheNear,UCRdF,WiL,PCIe Rd (B),PCIe Wr (B)
0,1008,222,0,0,664,64512,14208
1,1924452,1742608,524,0,75206,123164928,111560448
Skt,PCIRdCur,ItoM,ItoMCacheNear,UCRdF,WiL,PCIe Rd (B),PCIe Wr (B)
0,74,70,0,0,1952,4736,4480
1,1920040,1758376,522,0,73552,122882560,112569472
Skt,PCIRdCur,ItoM,ItoMCacheNear,UCRdF,WiL,PCIe Rd (B),PCIe Wr (B)
0,76,90,0,0,2030,4864,5760
1,1910056,1748186,524,0,72958,122243584,111917440
Skt,PCIRdCur,ItoM,ItoMCacheNear,UCRdF,WiL,PCIe Rd (B),PCIe Wr (B)
0,9802,2292,0,0,1466,627328,146688
1,1898444,1751864,514,0,74104,121500416,112152192
Skt,PCIRdCur,ItoM,ItoMCacheNear,UCRdF,WiL,PCIe Rd (B),PCIe Wr (B)
0,904,150,2748,0,1962,57856,185472
1,1911850,1745624,520,0,78716,122358400,111753216
Skt,PCIRdCur,ItoM,ItoMCacheNear,UCRdF,WiL,PCIe Rd (B),PCIe Wr (B)
0,92,114,0,0,2324,5888,7296
1,1911054,1752076,510,0,73072,122307456,112165504
Skt,PCIRdCur,ItoM,ItoMCacheNear,UCRdF,WiL,PCIe Rd (B),PCIe Wr (B)
0,66,86,0,0,1294,4224,5504
1,1897168,1752402,524,0,73564,121418752,112187264
Skt,PCIRdCur,ItoM,ItoMCacheNear,UCRdF,WiL,PCIe Rd (B),PCIe Wr (B)
0,748,72,0,0,2226,47872,4608
1,1835646,1721496,252,0,35896,117481344,110191872
Skt,PCIRdCur,ItoM,ItoMCacheNear,UCRdF,WiL,PCIe Rd (B),PCIe Wr (B)
0,12334,2900,0,0,146,789376,185600
1,948840,872658,0,0,0,60725760,55850112
Skt,PCIRdCur,ItoM,ItoMCacheNear,UCRdF,WiL,PCIe Rd (B),PCIe Wr (B)
0,928,192,0,0,156,59392,12288
1,0,0,0,0,0,0,0
Skt,PCIRdCur,ItoM,ItoMCacheNear,UCRdF,WiL,PCIe Rd (B),PCIe Wr (B)
0,840,60,0,0,132,53760,3840
1,0,0,0,0,0,0,0
Skt,PCIRdCur,ItoM,ItoMCacheNear,UCRdF,WiL,PCIe Rd (B),PCIe Wr (B)
0,46,72,0,0,108,2944,4608
1,0,0,0,0,0,0,0
Skt,PCIRdCur,ItoM,ItoMCacheNear,UCRdF,WiL,PCIe Rd (B),PCIe Wr (B)
0,32,68,0,0,72,2048,4352
1,0,0,0,0,0,0,0
Skt,PCIRdCur,ItoM,ItoMCacheNear,UCRdF,WiL,PCIe Rd (B),PCIe Wr (B)
0,25280,4640,0,0,24,1617920,296960
1,0,0,0,0,0,0,0
Skt,PCIRdCur,ItoM,ItoMCacheNear,UCRdF,WiL,PCIe Rd (B),PCIe Wr (B)
0,34,22,0,0,36,2176,1408
1,0,0,0,0,0,0,0
Skt,PCIRdCur,ItoM,ItoMCacheNear,UCRdF,WiL,PCIe Rd (B),PCIe Wr (B)
0,958,164,0,0,120,61312,10496
1,0,0,0,0,0,0,0
Skt,PCIRdCur,ItoM,ItoMCacheNear,UCRdF,WiL,PCIe Rd (B),PCIe Wr (B)
0,850,54,0,0,156,54400,3456
1,0,0,0,0,0,0,0
Skt,PCIRdCur,ItoM,ItoMCacheNear,UCRdF,WiL,PCIe Rd (B),PCIe Wr (B)
0,68,100,0,0,216,4352,6400
1,0,0,0,0,0,0,0
Skt,PCIRdCur,ItoM,ItoMCacheNear,UCRdF,WiL,PCIe Rd (B),PCIe Wr (B)
0,21828,5086,0,0,192,1396992,325504
1,0,0,0,0,0,0,0
Skt,PCIRdCur,ItoM,ItoMCacheNear,UCRdF,WiL,PCIe Rd (B),PCIe Wr (B)
0,722,80,0,0,156,46208,5120
1,0,0,0,0,0,0,0
Skt,PCIRdCur,ItoM,ItoMCacheNear,UCRdF,WiL,PCIe Rd (B),PCIe Wr (B)
0,52,58,0,0,156,3328,3712
1,0,0,0,0,0,0,0
Skt,PCIRdCur,ItoM,ItoMCacheNear,UCRdF,WiL,PCIe Rd (B),PCIe Wr (B)
0,80,90,0,0,172,5120,5760
1,0,0,0,0,0,0,0
Skt,PCIRdCur,ItoM,ItoMCacheNear,UCRdF,WiL,PCIe Rd (B),PCIe Wr (B)
0,54,70,0,0,72,3456,4480
1,0,0,0,0,0,0,0
Skt,PCIRdCur,ItoM,ItoMCacheNear,UCRdF,WiL,PCIe Rd (B),PCIe Wr (B)
0,25028,6188,0,0,156,1601792,396032
1,0,0,0,0,0,0,0
Skt,PCIRdCur,ItoM,ItoMCacheNear,UCRdF,WiL,PCIe Rd (B),PCIe Wr (B)
0,1224,332,0,0,132,78336,21248
1,0,0,0,0,0,0,0
Skt,PCIRdCur,ItoM,ItoMCacheNear,UCRdF,WiL,PCIe Rd (B),PCIe Wr (B)
0,868,80,0,0,72,55552,5120
1,0,0,0,0,0,0,0
Skt,PCIRdCur,ItoM,ItoMCacheNear,UCRdF,WiL,PCIe Rd (B),PCIe Wr (B)
0,54,46,0,0,84,3456,2944
1,0,0,0,0,0,0,0
Skt,PCIRdCur,ItoM,ItoMCacheNear,UCRdF,WiL,PCIe Rd (B),PCIe Wr (B)
0,50,32,0,0,72,3200,2048
1,0,0,0,0,40,0,0
Skt,PCIRdCur,ItoM,ItoMCacheNear,UCRdF,WiL,PCIe Rd (B),PCIe Wr (B)
0,32760,6430,0,0,72,2096640,411520
1,0,0,0,0,0,0,0
Skt,PCIRdCur,ItoM,ItoMCacheNear,UCRdF,WiL,PCIe Rd (B),PCIe Wr (B)
0,190,32,0,0,108,12160,2048
1,0,0,0,0,0,0,0
Skt,PCIRdCur,ItoM,ItoMCacheNear,UCRdF,WiL,PCIe Rd (B),PCIe Wr (B)
0,946,186,0,0,180,60544,11904
1,0,0,0,0,0,0,0
Skt,PCIRdCur,ItoM,ItoMCacheNear,UCRdF,WiL,PCIe Rd (B),PCIe Wr (B)
0,870,104,0,0,168,55680,6656
1,0,0,0,0,0,0,0
Skt,PCIRdCur,ItoM,ItoMCacheNear,UCRdF,WiL,PCIe Rd (B),PCIe Wr (B)
0,60,78,0,0,108,3840,4992
1,0,0,0,0,40,0,0
Skt,PCIRdCur,ItoM,ItoMCacheNear,UCRdF,WiL,PCIe Rd (B),PCIe Wr (B)
0,26032,5926,0,0,84,1666048,379264
1,0,0,0,0,0,0,0
Skt,PCIRdCur,ItoM,ItoMCacheNear,UCRdF,WiL,PCIe Rd (B),PCIe Wr (B)
0,48,52,0,0,132,3072,3328
1,0,0,0,0,0,0,0
Skt,PCIRdCur,ItoM,ItoMCacheNear,UCRdF,WiL,PCIe Rd (B),PCIe Wr (B)
0,62,94,0,0,144,3968,6016
1,0,0,0,0,0,0,0
Skt,PCIRdCur,ItoM,ItoMCacheNear,UCRdF,WiL,PCIe Rd (B),PCIe Wr (B)
0,64,102,0,0,182,4096,6528
1,0,0,0,0,2,0,0
Skt,PCIRdCur,ItoM,ItoMCacheNear,UCRdF,WiL,PCIe Rd (B),PCIe Wr (B)
0,2068,108,0,0,144,132352,6912
1,0,0,0,0,0,0,0
Skt,PCIRdCur,ItoM,ItoMCacheNear,UCRdF,WiL,PCIe Rd (B),PCIe Wr (B)
0,26550,6356,0,0,2884,1699200,406784
1,0,0,572,0,88190,0,36608
Skt,PCIRdCur,ItoM,ItoMCacheNear,UCRdF,WiL,PCIe Rd (B),PCIe Wr (B)
0,1004,224,328,0,3140,64256,35328
1,2242990,2055778,612,0,85958,143551360,131608960
Skt,PCIRdCur,ItoM,ItoMCacheNear,UCRdF,WiL,PCIe Rd (B),PCIe Wr (B)
0,1144,60,0,0,3004,73216,3840
1,2260336,2058112,608,0,86100,144661504,131758080
Skt,PCIRdCur,ItoM,ItoMCacheNear,UCRdF,WiL,PCIe Rd (B),PCIe Wr (B)
0,76,48,0,0,3640,4864,3072
1,2234428,2055522,612,0,85384,143003392,131592576
Skt,PCIRdCur,ItoM,ItoMCacheNear,UCRdF,WiL,PCIe Rd (B),PCIe Wr (B)
0,825082,76,0,0,3236,52805248,4864
1,2256154,2066724,616,0,85442,144393856,132309760
Skt,PCIRdCur,ItoM,ItoMCacheNear,UCRdF,WiL,PCIe Rd (B),PCIe Wr (B)
0,29296,5974,0,0,2524,1874944,382336
1,2253000,2053800,614,0,86312,144192000,131482496
Skt,PCIRdCur,ItoM,ItoMCacheNear,UCRdF,WiL,PCIe Rd (B),PCIe Wr (B)
0,76,98,0,0,2668,4864,6272
1,2266036,2061734,618,0,85672,145026304,131990528
Skt,PCIRdCur,ItoM,ItoMCacheNear,UCRdF,WiL,PCIe Rd (B),PCIe Wr (B)
0,1228,356,0,0,3480,78592,22784
1,2251454,2073046,612,0,85626,144093056,132714112
Skt,PCIRdCur,ItoM,ItoMCacheNear,UCRdF,WiL,PCIe Rd (B),PCIe Wr (B)
0,736,88,0,0,3192,47104,5632
1,2252308,2057808,620,0,85690,144147712,131739392
Skt,PCIRdCur,ItoM,ItoMCacheNear,UCRdF,WiL,PCIe Rd (B),PCIe Wr (B)
0,92,110,0,0,1520,5888,7040
1,2259130,2070922,614,0,87888,144584320,132578304
Skt,PCIRdCur,ItoM,ItoMCacheNear,UCRdF,WiL,PCIe Rd (B),PCIe Wr (B)
0,19918,4606,0,0,2784,1274752,294784
1,2233282,2062546,606,0,85748,142930048,132041728
Skt,PCIRdCur,ItoM,ItoMCacheNear,UCRdF,WiL,PCIe Rd (B),PCIe Wr (B)
0,870,96,0,0,2512,55680,6144
1,2247122,2061386,608,0,86084,143815808,131967616
Skt,PCIRdCur,ItoM,ItoMCacheNear,UCRdF,WiL,PCIe Rd (B),PCIe Wr (B)
0,220,88,0,0,1656,14080,5632
1,2238406,2057638,606,0,87604,143257984,131727616
Skt,PCIRdCur,ItoM,ItoMCacheNear,UCRdF,WiL,PCIe Rd (B),PCIe Wr (B)
0,94,144,0,0,3256,6016,9216
1,2240932,2057176,614,0,85578,143419648,131698560
Skt,PCIRdCur,ItoM,ItoMCacheNear,UCRdF,WiL,PCIe Rd (B),PCIe Wr (B)
0,872,128,0,0,4036,55808,8192
1,2252722,2064806,604,0,84934,144174208,132186240
Skt,PCIRdCur,ItoM,ItoMCacheNear,UCRdF,WiL,PCIe Rd (B),PCIe Wr (B)
0,16214,4310,0,0,3146,1037696,275840
1,2246376,2066936,606,0,86104,143768064,132322688
Skt,PCIRdCur,ItoM,ItoMCacheNear,UCRdF,WiL,PCIe Rd (B),PCIe Wr (B)
0,1250,324,0,0,2098,80000,20736
1,2240208,2069496,616,0,87306,143373312,132487168
Skt,PCIRdCur,ItoM,ItoMCacheNear,UCRdF,WiL,PCIe Rd (B),PCIe Wr (B)
0,332,192,0,0,1084,21248,12288
1,2241322,2072978,616,0,88018,143444608,132710016
Skt,PCIRdCur,ItoM,ItoMCacheNear,UCRdF,WiL,PCIe Rd (B),PCIe Wr (B)
0,90,76,0,0,2920,5760,4864
1,2241902,2056306,612,0,85692,143481728,131642752
Skt,PCIRdCur,ItoM,ItoMCacheNear,UCRdF,WiL,PCIe Rd (B),PCIe Wr (B)
0,2290,104,0,0,3940,146560,6656
1,2244132,2064976,614,0,84908,143624448,132197760
Skt,PCIRdCur,ItoM,ItoMCacheNear,UCRdF,WiL,PCIe Rd (B),PCIe Wr (B)
0,17622,3308,0,0,3168,1127808,211712
1,2254836,2064588,610,0,85888,144309504,132172672
Skt,PCIRdCur,ItoM,ItoMCacheNear,UCRdF,WiL,PCIe Rd (B),PCIe Wr (B)
0,88,86,0,0,2260,5632,5504
1,2255758,2067686,606,0,86912,144368512,132370688
Skt,PCIRdCur,ItoM,ItoMCacheNear,UCRdF,WiL,PCIe Rd (B),PCIe Wr (B)
0,3340594,314,0,0,3552,213798016,20096
1,2246790,2062016,610,0,85484,143794560,132008064
Skt,PCIRdCur,ItoM,ItoMCacheNear,UCRdF,WiL,PCIe Rd (B),PCIe Wr (B)
0,760,86,0,0,2298,48640,5504
1,2244486,2057188,598,0,86714,143647104,131698304
Skt,PCIRdCur,ItoM,ItoMCacheNear,UCRdF,WiL,PCIe Rd (B),PCIe Wr (B)
0,114,108,0,0,1376,7296,6912
1,2250312,2054666,604,0,87966,144019968,131537280
Skt,PCIRdCur,ItoM,ItoMCacheNear,UCRdF,WiL,PCIe Rd (B),PCIe Wr (B)
0,8806,2654,0,0,2376,563584,169856
1,2249914,2061492,616,0,86862,143994496,131974912
Skt,PCIRdCur,ItoM,ItoMCacheNear,UCRdF,WiL,PCIe Rd (B),PCIe Wr (B)
0,880,84,0,0,3016,56320,5376
1,2266674,2068134,604,0,85576,145067136,132399232
Skt,PCIRdCur,ItoM,ItoMCacheNear,UCRdF,WiL,PCIe Rd (B),PCIe Wr (B)
0,206,102,0,0,2484,13184,6528
1,2245640,2061842,598,0,86074,143720960,131996160
Skt,PCIRdCur,ItoM,ItoMCacheNear,UCRdF,WiL,PCIe Rd (B),PCIe Wr (B)
0,96,74,0,0,1864,6144,4736
1,2254786,2064978,612,0,87136,144306304,132197760
Skt,PCIRdCur,ItoM,ItoMCacheNear,UCRdF,WiL,PCIe Rd (B),PCIe Wr (B)
0,62,58,0,0,2060,3968,3712
1,2249614,2064038,620,0,87050,143975296,132138112
Skt,PCIRdCur,ItoM,ItoMCacheNear,UCRdF,WiL,PCIe Rd (B),PCIe Wr (B)
0,7230,1990,0,0,1462,462720,127360
1,2236036,2055120,610,0,87480,143106304,131566720
Skt,PCIRdCur,ItoM,ItoMCacheNear,UCRdF,WiL,PCIe Rd (B),PCIe Wr (B)
0,968,212,0,0,3024,61952,13568
1,2237830,2056542,612,0,86230,143221120,131657856
Skt,PCIRdCur,ItoM,ItoMCacheNear,UCRdF,WiL,PCIe Rd (B),PCIe Wr (B)
0,1142,252,0,0,2626,73088,16128
1,2247182,2064142,608,0,86348,143819648,132144000
Skt,PCIRdCur,ItoM,ItoMCacheNear,UCRdF,WiL,PCIe Rd (B),PCIe Wr (B)
0,60,98,0,0,2726,3840,6272
1,2234634,2053644,602,0,86708,143016576,131471744
Skt,PCIRdCur,ItoM,ItoMCacheNear,UCRdF,WiL,PCIe Rd (B),PCIe Wr (B)
0,74,86,0,0,1516,4736,5504
1,2229364,2054710,612,0,87958,142679296,131540608
Skt,PCIRdCur,ItoM,ItoMCacheNear,UCRdF,WiL,PCIe Rd (B),PCIe Wr (B)
0,19552,1856,0,0,1596,1251328,118784
1,2236354,2072678,608,0,87690,143126656,132690304
Skt,PCIRdCur,ItoM,ItoMCacheNear,UCRdF,WiL,PCIe Rd (B),PCIe Wr (B)
0,78,92,0,0,2988,4992,5888
1,2238870,2053962,614,0,86048,143287680,131492864
Skt,PCIRdCur,ItoM,ItoMCacheNear,UCRdF,WiL,PCIe Rd (B),PCIe Wr (B)
0,1226,352,0,0,3096,78464,22528
1,2238936,2061512,618,0,86212,143291904,131976320
Skt,PCIRdCur,ItoM,ItoMCacheNear,UCRdF,WiL,PCIe Rd (B),PCIe Wr (B)
0,60,82,0,0,3312,3840,5248
1,2243352,2061872,610,0,85970,143574528,131998848
Skt,PCIRdCur,ItoM,ItoMCacheNear,UCRdF,WiL,PCIe Rd (B),PCIe Wr (B)
0,126,136,0,0,924,8064,8704
1,2259876,2063920,620,0,89066,144632064,132130560
Skt,PCIRdCur,ItoM,ItoMCacheNear,UCRdF,WiL,PCIe Rd (B),PCIe Wr (B)
0,6616,2186,0,0,2922,423424,139904
1,2250834,2065736,618,0,86054,144053376,132246656
Skt,PCIRdCur,ItoM,ItoMCacheNear,UCRdF,WiL,PCIe Rd (B),PCIe Wr (B)
0,216,302,0,0,3688,13824,19328
1,2259444,2054806,614,0,85662,144604416,131546880
Skt,PCIRdCur,ItoM,ItoMCacheNear,UCRdF,WiL,PCIe Rd (B),PCIe Wr (B)
0,204,212,3266,0,1604,13056,222592
1,2257050,2068274,618,0,94100,144451200,132409088
Skt,PCIRdCur,ItoM,ItoMCacheNear,UCRdF,WiL,PCIe Rd (B),PCIe Wr (B)
0,774,238,0,0,1632,49536,15232
1,2264716,2053784,616,0,86974,144941824,131481600
Skt,PCIRdCur,ItoM,ItoMCacheNear,UCRdF,WiL,PCIe Rd (B),PCIe Wr (B)
0,766,100,0,0,2040,49024,6400
1,2261984,2067978,610,0,87496,144766976,132389632
Skt,PCIRdCur,ItoM,ItoMCacheNear,UCRdF,WiL,PCIe Rd (B),PCIe Wr (B)
0,4312,1008,0,0,2132,275968,64512
1,2254136,2056508,590,0,86308,144264704,131654272
Skt,PCIRdCur,ItoM,ItoMCacheNear,UCRdF,WiL,PCIe Rd (B),PCIe Wr (B)
0,1218,380,0,0,2268,77952,24320
1,2256050,2062510,606,0,87074,144387200,132039424
Skt,PCIRdCur,ItoM,ItoMCacheNear,UCRdF,WiL,PCIe Rd (B),PCIe Wr (B)
0,1138,232,0,0,2360,72832,14848
1,2246772,2060010,616,0,86484,143793408,131880064
Skt,PCIRdCur,ItoM,ItoMCacheNear,UCRdF,WiL,PCIe Rd (B),PCIe Wr (B)
0,94,116,0,0,2078,6016,7424
1,2240718,2057754,600,0,87382,143405952,131734656
Skt,PCIRdCur,ItoM,ItoMCacheNear,UCRdF,WiL,PCIe Rd (B),PCIe Wr (B)
0,86,130,0,0,1832,5504,8320
1,2232886,2058796,618,0,87274,142904704,131802496
Skt,PCIRdCur,ItoM,ItoMCacheNear,UCRdF,WiL,PCIe Rd (B),PCIe Wr (B)
0,9836,1644,0,0,2020,629504,105216
1,2244282,2063760,604,0,87258,143634048,132119296
Skt,PCIRdCur,ItoM,ItoMCacheNear,UCRdF,WiL,PCIe Rd (B),PCIe Wr (B)
0,70,90,0,0,3334,4480,5760
1,2242240,2063442,602,0,85754,143503360,132098816
Skt,PCIRdCur,ItoM,ItoMCacheNear,UCRdF,WiL,PCIe Rd (B),PCIe Wr (B)
0,1244,346,0,0,2916,79616,22144
1,2234952,2061886,610,0,85578,143036928,131999744
Skt,PCIRdCur,ItoM,ItoMCacheNear,UCRdF,WiL,PCIe Rd (B),PCIe Wr (B)
0,1630,104,0,0,2468,104320,6656
1,2239046,2065886,612,0,86756,143298944,132255872
Skt,PCIRdCur,ItoM,ItoMCacheNear,UCRdF,WiL,PCIe Rd (B),PCIe Wr (B)
0,60,70,0,0,2932,3840,4480
1,2236288,2057556,610,0,85888,143122432,131722624
Skt,PCIRdCur,ItoM,ItoMCacheNear,UCRdF,WiL,PCIe Rd (B),PCIe Wr (B)
0,7100,1986,0,0,4044,454400,127104
1,2244630,2063432,616,0,84398,143656320,132099072
Skt,PCIRdCur,ItoM,ItoMCacheNear,UCRdF,WiL,PCIe Rd (B),PCIe Wr (B)
0,2140,36,0,0,3240,136960,2304
1,2241106,2055540,612,0,85230,143430784,131593728
Skt,PCIRdCur,ItoM,ItoMCacheNear,UCRdF,WiL,PCIe Rd (B),PCIe Wr (B)
0,188,68,0,0,3032,12032,4352
1,2249460,2063492,608,0,86130,143965440,132102400
Skt,PCIRdCur,ItoM,ItoMCacheNear,UCRdF,WiL,PCIe Rd (B),PCIe Wr (B)
0,5114774,84,0,0,3148,327345536,5376
1,2251648,2060762,604,0,85938,144105472,131927424
Skt,PCIRdCur,ItoM,ItoMCacheNear,UCRdF,WiL,PCIe Rd (B),PCIe Wr (B)
0,84,104,0,0,2188,5376,6656
1,2250402,2061530,618,0,87152,144025728,131977472
Skt,PCIRdCur,ItoM,ItoMCacheNear,UCRdF,WiL,PCIe Rd (B),PCIe Wr (B)
0,4290,1518,0,0,2472,274560,97152
1,2249500,2062288,614,0,86952,143968000,132025728
Skt,PCIRdCur,ItoM,ItoMCacheNear,UCRdF,WiL,PCIe Rd (B),PCIe Wr (B)
0,970,190,0,0,3042,62080,12160
1,2257622,2060020,608,0,85822,144487808,131880192
Skt,PCIRdCur,ItoM,ItoMCacheNear,UCRdF,WiL,PCIe Rd (B),PCIe Wr (B)
0,586,196,0,0,1686,37504,12544
1,2263600,2061548,618,0,87794,144870400,131978624
Skt,PCIRdCur,ItoM,ItoMCacheNear,UCRdF,WiL,PCIe Rd (B),PCIe Wr (B)
0,76,98,0,0,3796,4864,6272
1,2252852,2053762,596,0,84754,144182528,131478912
Skt,PCIRdCur,ItoM,ItoMCacheNear,UCRdF,WiL,PCIe Rd (B),PCIe Wr (B)
0,78,88,0,0,1812,4992,5632
1,2258986,2067238,606,0,88064,144575104,132342016
Skt,PCIRdCur,ItoM,ItoMCacheNear,UCRdF,WiL,PCIe Rd (B),PCIe Wr (B)
0,1384,108,2,0,2200,88576,7040
1,2235604,2052344,616,0,86638,143078656,131389440
Skt,PCIRdCur,ItoM,ItoMCacheNear,UCRdF,WiL,PCIe Rd (B),PCIe Wr (B)
0,64,118,0,0,1572,4096,7552
1,2253038,2064018,610,0,87894,144194432,132136192
Skt,PCIRdCur,ItoM,ItoMCacheNear,UCRdF,WiL,PCIe Rd (B),PCIe Wr (B)
0,1216,354,0,0,3518,77824,22656
1,2243312,2063436,602,0,84846,143571968,132098432
Skt,PCIRdCur,ItoM,ItoMCacheNear,UCRdF,WiL,PCIe Rd (B),PCIe Wr (B)
0,1376,68,3752,0,4276,88064,244480
1,2243284,2061798,602,0,91676,143570176,131993600
Skt,PCIRdCur,ItoM,ItoMCacheNear,UCRdF,WiL,PCIe Rd (B),PCIe Wr (B)
0,76,50,0,0,5130,4864,3200
1,2226724,2044174,610,0,83934,142510336,130866176
Skt,PCIRdCur,ItoM,ItoMCacheNear,UCRdF,WiL,PCIe Rd (B),PCIe Wr (B)
0,1104,326,0,0,5110,70656,20864
1,2228150,2046820,606,0,83232,142601600,131035264
Skt,PCIRdCur,ItoM,ItoMCacheNear,UCRdF,WiL,PCIe Rd (B),PCIe Wr (B)
0,318,80,0,0,5228,20352,5120
1,2230710,2054298,610,0,84198,142765440,131514112
Skt,PCIRdCur,ItoM,ItoMCacheNear,UCRdF,WiL,PCIe Rd (B),PCIe Wr (B)
0,190,118,0,0,5276,12160,7552
1,2226128,2051618,618,0,83412,142472192,131343104
Skt,PCIRdCur,ItoM,ItoMCacheNear,UCRdF,WiL,PCIe Rd (B),PCIe Wr (B)
0,66,124,0,0,5212,4224,7936
1,2230458,2049776,612,0,83396,142749312,131224832
Skt,PCIRdCur,ItoM,ItoMCacheNear,UCRdF,WiL,PCIe Rd (B),PCIe Wr (B)
0,62,98,0,0,5164,3968,6272
1,2222704,2050664,600,0,83684,142253056,131280896
Skt,PCIRdCur,ItoM,ItoMCacheNear,UCRdF,WiL,PCIe Rd (B),PCIe Wr (B)
0,216,86,0,0,3628,13824,5504
1,2231474,2063352,606,0,85198,142814336,132093312
Skt,PCIRdCur,ItoM,ItoMCacheNear,UCRdF,WiL,PCIe Rd (B),PCIe Wr (B)
0,978,250,0,0,1568,62592,16000
1,2250496,2060636,612,0,87410,144031744,131919872
Skt,PCIRdCur,ItoM,ItoMCacheNear,UCRdF,WiL,PCIe Rd (B),PCIe Wr (B)
0,1018,216,0,0,2100,65152,13824
1,2249560,2070862,614,0,87184,143971840,132574464
Skt,PCIRdCur,ItoM,ItoMCacheNear,UCRdF,WiL,PCIe Rd (B),PCIe Wr (B)
0,98,72,0,0,2750,6272,4608
1,2235748,2042438,600,0,85970,143087872,130754432
Skt,PCIRdCur,ItoM,ItoMCacheNear,UCRdF,WiL,PCIe Rd (B),PCIe Wr (B)
0,3372330,100,0,0,2284,215829120,6400
1,2250186,2073484,610,0,86642,144011904,132742016
Skt,PCIRdCur,ItoM,ItoMCacheNear,UCRdF,WiL,PCIe Rd (B),PCIe Wr (B)
0,232,116,4,0,3260,14848,7680
1,2261664,2062558,608,0,85178,144746496,132042624
Skt,PCIRdCur,ItoM,ItoMCacheNear,UCRdF,WiL,PCIe Rd (B),PCIe Wr (B)
0,2282,84,0,0,2676,146048,5376
1,2239084,2051300,616,0,87282,143301376,131322624
Skt,PCIRdCur,ItoM,ItoMCacheNear,UCRdF,WiL,PCIe Rd (B),PCIe Wr (B)
0,1244,338,0,0,2576,79616,21632
1,2251120,2056064,604,0,86044,144071680,131626752
Skt,PCIRdCur,ItoM,ItoMCacheNear,UCRdF,WiL,PCIe Rd (B),PCIe Wr (B)
0,78,66,0,0,1248,4992,4224
1,2259700,2064310,612,0,87308,144620800,132155008
Skt,PCIRdCur,ItoM,ItoMCacheNear,UCRdF,WiL,PCIe Rd (B),PCIe Wr (B)
0,86,84,0,0,2420,5504,5376
1,2248320,2061428,606,0,87092,143892480,131970176
Skt,PCIRdCur,ItoM,ItoMCacheNear,UCRdF,WiL,PCIe Rd (B),PCIe Wr (B)
0,1628,218,0,0,2816,104192,13952
1,2264496,2071234,620,0,86168,144927744,132598656
Skt,PCIRdCur,ItoM,ItoMCacheNear,UCRdF,WiL,PCIe Rd (B),PCIe Wr (B)
0,872,126,0,0,1384,55808,8064
1,2255122,2064616,610,0,88330,144327808,132174464
Skt,PCIRdCur,ItoM,ItoMCacheNear,UCRdF,WiL,PCIe Rd (B),PCIe Wr (B)
0,204,92,0,0,2696,13056,5888
1,2247828,2058300,610,0,85754,143860992,131770240
Skt,PCIRdCur,ItoM,ItoMCacheNear,UCRdF,WiL,PCIe Rd (B),PCIe Wr (B)
0,998,330,0,0,4032,63872,21120
1,2249780,2064950,600,0,85252,143985920,132195200
Skt,PCIRdCur,ItoM,ItoMCacheNear,UCRdF,WiL,PCIe Rd (B),PCIe Wr (B)
0,752,108,0,0,2752,48128,6912
1,2239696,2065494,604,0,85882,143340544,132230272
Skt,PCIRdCur,ItoM,ItoMCacheNear,UCRdF,WiL,PCIe Rd (B),PCIe Wr (B)
0,92,100,0,0,2288,5888,6400
1,2249868,2061032,606,0,86066,143991552,131944832
Skt,PCIRdCur,ItoM,ItoMCacheNear,UCRdF,WiL,PCIe Rd (B),PCIe Wr (B)
0,994,206,0,0,1728,63616,13184
1,2242876,2065598,610,0,87892,143544064,132237312
Skt,PCIRdCur,ItoM,ItoMCacheNear,UCRdF,WiL,PCIe Rd (B),PCIe Wr (B)
0,340,222,0,0,3636,21760,14208
1,2256134,2069586,610,0,84714,144392576,132492544
Skt,PCIRdCur,ItoM,ItoMCacheNear,UCRdF,WiL,PCIe Rd (B),PCIe Wr (B)
0,102,118,0,0,5176,6528,7552
1,2230810,2059012,594,0,83396,142771840,131814784
Skt,PCIRdCur,ItoM,ItoMCacheNear,UCRdF,WiL,PCIe Rd (B),PCIe Wr (B)
0,86,58,0,0,5112,5504,3712
1,2239358,2050500,604,0,82756,143318912,131270656
Skt,PCIRdCur,ItoM,ItoMCacheNear,UCRdF,WiL,PCIe Rd (B),PCIe Wr (B)
0,80,56,6,0,3176,5120,3968
1,2227836,2052980,610,0,86446,142581504,131429760
Skt,PCIRdCur,ItoM,ItoMCacheNear,UCRdF,WiL,PCIe Rd (B),PCIe Wr (B)
0,236,132,0,0,2956,15104,8448
1,2245568,2066662,612,0,85684,143716352,132305536
Skt,PCIRdCur,ItoM,ItoMCacheNear,UCRdF,WiL,PCIe Rd (B),PCIe Wr (B)
0,1256,386,0,0,3992,80384,24704
1,2247928,2067460,606,0,85458,143867392,132356224
Skt,PCIRdCur,ItoM,ItoMCacheNear,UCRdF,WiL,PCIe Rd (B),PCIe Wr (B)
0,892,94,0,0,232,57088,6016
1,288000,306738,0,0,0,18432000,19631232
Skt,PCIRdCur,ItoM,ItoMCacheNear,UCRdF,WiL,PCIe Rd (B),PCIe Wr (B)
0,62,104,2750,0,196,3968,182656
1,0,0,0,0,5482,0,0
Skt,PCIRdCur,ItoM,ItoMCacheNear,UCRdF,WiL,PCIe Rd (B),PCIe Wr (B)
0,1588,342,0,0,148,101632,21888
1,0,0,0,0,0,0,0
Skt,PCIRdCur,ItoM,ItoMCacheNear,UCRdF,WiL,PCIe Rd (B),PCIe Wr (B)
0,840,40,0,0,172,53760,2560
1,0,0,0,0,0,0,0
Skt,PCIRdCur,ItoM,ItoMCacheNear,UCRdF,WiL,PCIe Rd (B),PCIe Wr (B)
0,176,74,24,0,400,11264,6272
1,0,0,0,0,0,0,0
Skt,PCIRdCur,ItoM,ItoMCacheNear,UCRdF,WiL,PCIe Rd (B),PCIe Wr (B)
0,78,96,0,0,196,4992,6144
1,0,0,0,0,0,0,0
Skt,PCIRdCur,ItoM,ItoMCacheNear,UCRdF,WiL,PCIe Rd (B),PCIe Wr (B)
0,48,70,0,0,162,3072,4480
1,0,0,0,0,0,0,0
Skt,PCIRdCur,ItoM,ItoMCacheNear,UCRdF,WiL,PCIe Rd (B),PCIe Wr (B)
0,598,72,0,0,172,38272,4608
1,0,0,0,0,0,0,0
Skt,PCIRdCur,ItoM,ItoMCacheNear,UCRdF,WiL,PCIe Rd (B),PCIe Wr (B)
0,1088,342,0,0,160,69632,21888
1,0,0,0,0,0,0,0
Skt,PCIRdCur,ItoM,ItoMCacheNear,UCRdF,WiL,PCIe Rd (B),PCIe Wr (B)
0,320,184,0,0,148,20480,11776
1,0,0,0,0,0,0,0
Skt,PCIRdCur,ItoM,ItoMCacheNear,UCRdF,WiL,PCIe Rd (B),PCIe Wr (B)
0,66,52,0,0,148,4224,3328
1,0,0,0,0,0,0,0
Skt,PCIRdCur,ItoM,ItoMCacheNear,UCRdF,WiL,PCIe Rd (B),PCIe Wr (B)
0,54,36,0,0,194,3456,2304
1,0,0,0,0,0,0,0
Skt,PCIRdCur,ItoM,ItoMCacheNear,UCRdF,WiL,PCIe Rd (B),PCIe Wr (B)
0,1658,208,16,0,184,106112,14336
1,0,0,0,0,26,0,0
Skt,PCIRdCur,ItoM,ItoMCacheNear,UCRdF,WiL,PCIe Rd (B),PCIe Wr (B)
0,56,80,0,0,218,3584,5120
1,0,0,0,0,0,0,0
Skt,PCIRdCur,ItoM,ItoMCacheNear,UCRdF,WiL,PCIe Rd (B),PCIe Wr (B)
0,1204,346,0,0,290,77056,22144
1,0,0,0,0,0,0,0
Skt,PCIRdCur,ItoM,ItoMCacheNear,UCRdF,WiL,PCIe Rd (B),PCIe Wr (B)
0,80,92,0,0,160,5120,5888
1,0,0,0,0,0,0,0
Skt,PCIRdCur,ItoM,ItoMCacheNear,UCRdF,WiL,PCIe Rd (B),PCIe Wr (B)
0,62,46,0,0,148,3968,2944
1,0,0,0,0,0,0,0
Skt,PCIRdCur,ItoM,ItoMCacheNear,UCRdF,WiL,PCIe Rd (B),PCIe Wr (B)
0,2266,456,0,0,244,145024,29184
1,0,0,0,0,0,0,0
Skt,PCIRdCur,ItoM,ItoMCacheNear,UCRdF,WiL,PCIe Rd (B),PCIe Wr (B)
0,58,68,0,0,184,3712,4352
1,0,0,0,0,0,0,0
Skt,PCIRdCur,ItoM,ItoMCacheNear,UCRdF,WiL,PCIe Rd (B),PCIe Wr (B)
0,178,58,0,0,184,11392,3712
1,0,0,0,0,0,0,0
Skt,PCIRdCur,ItoM,ItoMCacheNear,UCRdF,WiL,PCIe Rd (B),PCIe Wr (B)
0,86,66,12,0,184,5504,4992
1,0,0,0,0,20,0,0
Skt,PCIRdCur,ItoM,ItoMCacheNear,UCRdF,WiL,PCIe Rd (B),PCIe Wr (B)
0,64,82,0,0,184,4096,5248
1,0,0,0,0,0,0,0
Skt,PCIRdCur,ItoM,ItoMCacheNear,UCRdF,WiL,PCIe Rd (B),PCIe Wr (B)
0,1712,200,28,0,126,109568,14592
1,0,0,0,0,54,0,0
Skt,PCIRdCur,ItoM,ItoMCacheNear,UCRdF,WiL,PCIe Rd (B),PCIe Wr (B)
0,1214,292,0,0,112,77696,18688
1,0,0,0,0,0,0,0
Skt,PCIRdCur,ItoM,ItoMCacheNear,UCRdF,WiL,PCIe Rd (B),PCIe Wr (B)
0,970,150,0,0,100,62080,9600
1,0,0,0,0,40,0,0
Skt,PCIRdCur,ItoM,ItoMCacheNear,UCRdF,WiL,PCIe Rd (B),PCIe Wr (B)
0,48,34,0,0,100,3072,2176
1,0,0,0,0,0,0,0
Skt,PCIRdCur,ItoM,ItoMCacheNear,UCRdF,WiL,PCIe Rd (B),PCIe Wr (B)
0,48,22,0,0,148,3072,1408
1,0,0,0,0,0,0,0
Skt,PCIRdCur,ItoM,ItoMCacheNear,UCRdF,WiL,PCIe Rd (B),PCIe Wr (B)
0,1474,214,12,0,244,94336,14464
1,0,0,0,0,20,0,0
Skt,PCIRdCur,ItoM,ItoMCacheNear,UCRdF,WiL,PCIe Rd (B),PCIe Wr (B)
0,80,108,0,0,184,5120,6912
1,0,0,0,0,0,0,0
Skt,PCIRdCur,ItoM,ItoMCacheNear,UCRdF,WiL,PCIe Rd (B),PCIe Wr (B)
0,1218,310,0,0,148,77952,19840
1,0,0,0,0,40,0,0
Skt,PCIRdCur,ItoM,ItoMCacheNear,UCRdF,WiL,PCIe Rd (B),PCIe Wr (B)
0,2406,86,0,0,160,153984,5504
1,0,0,0,0,0,0,0
Skt,PCIRdCur,ItoM,ItoMCacheNear,UCRdF,WiL,PCIe Rd (B),PCIe Wr (B)
0,44,80,0,0,184,2816,5120
1,0,0,0,0,0,0,0
